USE ShopList
INSERT Member (ID, FirstName, MiddleName, FullName)VALUES
(1, N'wvuoxxglsvql', N'dbltodmpmoj', N'lwereggkirr'),
(2, N'ovcjkogvjuvxmkmiwi', N'bkelosakqoq', N'tgxdcvjivhfeluwvvtl'),
(3, N'vrvjaksrml', N'lhsasjcrsfruq', N'eapctrkosjf'),
(4, N'sxkxarudtjc', N'rfbofmokcwvim', N'pwxeowvewwdxhjbxj'),
(5, N'txvgrnkfixdirhuwpi', N'gfhscmuhlin', N'tuoemvmpme'),
(6, N'csipaokolrn', N'rfobnagkeolwroxpqe', N'mrnodnvptdkxiassmu'),
(7, N'kjvqursrfijqmrtcnb', N'iiodnfajvphkbon', N'margcdnlfmef'),
(8, N'rtjnaiirrmbwg', N'nbljqobikxgsnuhc', N'bmwjlphehbnn'),
(9, N'trgxcbfwcagcmxboxb', N'pvisorjkjkoi', N'bqmobbpcncul'),
(10, N'elivooktrhiiln', N'fvtajrvxuwoo', N'rnoleirgiftctxjheh'),
(11, N'gkfklaltgm', N'cwjtukaxqqp', N'uohalniwcw'),
(12, N'utofmbwknxfas', N'qekeowtddljqguu', N'kwvhjcjtnihiokdurnt'),
(13, N'ivarrpjnfheaxfsiw', N'awhnmisvgnjpnjio', N'xqnuvurhbcmmjanmhat'),
(14, N'whvbofomba', N'shnpdrfosonh', N'ebrulplxtlatcp'),
(15, N'aqfkjvwbjsd', N'abiblickjeixr', N'cmrmnjhpoolnaoa'),
(16, N'tfqajqpgetetssk', N'qmvfmbtlvrqvojf', N'mcxxivqnpn'),
(17, N'rwxrrijmnuwgbdmqih', N'qgfhdpwcpaqtirlric', N'pmxfhslktjaugljhi'),
(18, N'ciksfdwmetaxlsrgnv', N'dapnrpjbeoiuf', N'dvpxxirxve'),
(19, N'ehvfeafwsaeiwklp', N'ilmoljoumqconvej', N'edxbwadootbdrn'),
(20, N'neqigkclraxed', N'imqojghcxaemf', N'ojjtvkkswkv'),
(21, N'ebxndvbvkmdivp', N'iivrcvckfcv', N'wjbmkvcmclpbodaltdj'),
(22, N'ikahnopftrpirefsgv', N'xwcjubmejbafwtd', N'pspuickfwegehhn'),
(23, N'khdgegkltjeqosb', N'kxjuuwvwjqfpwrmn', N'gimjdqpqvfsae'),
(24, N'ifnpkcpsomigpqak', N'cqluvpwxgstcwewrow', N'mcfuqwbuiditsx'),
(25, N'csujwpdlbtpiksri', N'ojfknquqdkxlarcg', N'tpcpqncbed'),
(26, N'inukmsemjaodhtv', N'mhfhjrurhikaqj', N'sbuvvsdgffojqbgje'),
(27, N'smnklbvvds', N'wpmkwggtwigxpekuwh', N'tvnbqkhrawvsvmpvnju'),
(28, N'pftodaxudgkqeh', N'xmpxkuoxwrwgepetue', N'xkjeipmisp'),
(29, N'ejwvtbnsaxkviof', N'mhexchruhli', N'acvegvjdwfmm'),
(30, N'oilcnuhwgsiacjgxl', N'sgmngpfhtljxsogsg', N'jlbrkiugncr'),
(31, N'oiarucimhihi', N'csjikiaubiwhkhf', N'sjrwgwsvxuxwbtf'),
(32, N'nlsebedasqjbbenpakn', N'ggrxustaex', N'rlbhjvumatdsbl'),
(33, N'jqcldmmmfkvgeexihaa', N'mihivxkpmcsl', N'dlnbjmrceogsxsrprm'),
(34, N'cqphvselsigrvnmsxnq', N'tcbgprjtoejtanvael', N'ilqqnogbsbtgjfhaeg'),
(35, N'ochaqxkkkbhdjxj', N'rrrvcggeddvcxbgfv', N'vtxvbamuhhcklxsm'),
(36, N'egpawdocnkdlqrita', N'psxncqfqbfx', N'hhqwehvosoxmwmvrex'),
(37, N'fxknwkewdw', N'lotrujvamnpkpvuif', N'wsrbpxlenbnrcorf'),
(38, N'clqtshahunnbpm', N'oghboxmwhvhngeltl', N'rmgbenirkrhsmaci'),
(39, N'sihjiamdjqla', N'jvkxrbampnfen', N'wqgvioroelrpnnatj'),
(40, N'fmccfrahiallcnubit', N'xmkajahkncimvcuame', N'qatvtxtnahfsqdaaxnp'),
(41, N'nrerjndkvtu', N'sxpbhxithr', N'bbeqhslwvsiicifs'),
(42, N'ooxperaxdjgcfjbxpfo', N'mxouoprngxvdk', N'gehfmarofxkhom'),
(43, N'nvvkpnwmpxp', N'lcurlnetlvt', N'rornkgmetei'),
(44, N'orcdhjbgqmbsamvp', N'pboencvxcsgtvn', N'cpkaggtfsasts'),
(45, N'dqshgerpbsgipvt', N'fwrehjjdmtenjaau', N'jagatohvamlptd'),
(46, N'otgnhsdnfaqkkhosfge', N'uglxtvrkcgmfpclppsl', N'xnfxbhfixp'),
(47, N'heptedkhiph', N'dpsdadkucxivlklhu', N'rcxklgqomlvlblnghtw'),
(48, N'sqgxpibosl', N'shdgcrcpakxgt', N'xsbmcgjbnfcxw'),
(49, N'kxqxvlcidkkgqxmluv', N'sbqkvkmurgrlqvotdxn', N'sknnxfbmrmgvrjagpw'),
(50, N'lsuhvqguqxh', N'roqfnuslnrvul', N'ucmxeotdjdgooeso'),
(51, N'vdfklfrqbjtsk', N'glvxpknqxw', N'rksrpmddqjnnwsjgtn'),
(52, N'hnmjscosudfdiq', N'wnemdgwqcxr', N'hfdhppatcuc'),
(53, N'sbpqrakruxm', N'lkfiphntvlojuxlddk', N'bxbgbkpbujarvrpslo'),
(54, N'asmdjklndtno', N'cwvsrjxqcexcjhs', N'lqvktokdhupk'),
(55, N'apfgltqobbwwgep', N'vewjwlnbmfsn', N'odfaonwani'),
(56, N'pnqdwivigroqdv', N'nedpcxptxkvf', N'pjcbwnifgr'),
(57, N'qtfctevxbblqpd', N'erosqpmqrdb', N'wjgwjawlsbkhvxe'),
(58, N'revhxviigstvn', N'toaeknnocwnufwlnai', N'bblxifpemfbv'),
(59, N'kubwksbicafbujfwu', N'ggoatokitmiawglpsm', N'owwgcvqnqofmpn'),
(60, N'jovexmnakmhfcdlaej', N'thdscmlpqhnr', N'ocejmxclrhhgpib'),
(61, N'qglcclajjtlshvsv', N'xlotsdnjwh', N'hrtedbakhihgbahgbxo'),
(62, N'ssfoelimccfqpque', N'hfacsphelrwvd', N'uumkkbqpxsdacca'),
(63, N'uxqdfxvskrl', N'ikienoliscnnw', N'mtxvvbjqkar'),
(64, N'wxhdixrnftmmst', N'ffhbalxjkwvbpgsptvv', N'tvnslbidun'),
(65, N'gfcfhmxrviwjvo', N'ptxrpxmmmfkwrorwia', N'ojgcebxims'),
(66, N'uefcnaonmbkqawjaj', N'wnpsblvchugboqbxh', N'fmagkkodbpkvputsjvf'),
(67, N'jmoeigukpoxhjxsxv', N'cfsfqaixklxrqoh', N'kgxxsrbdbvit'),
(68, N'eqoullinqmkcofv', N'gmppigqskqd', N'lsanfjbidqt'),
(69, N'umlbjvksmqjnxjdvf', N'igvtrsxbvsdmtqalrml', N'emdduscccbptjupwlte'),
(70, N'jlltwlhcqrcbckocht', N'agvsdexhjp', N'gjarnuasbnmrii'),
(71, N'pqsbmlogwtkxi', N'cmndkmtrxtqxegajxcf', N'lhmqndaogllvkwfuvc'),
(72, N'ilfuvfndhn', N'abhlsbdlixjfg', N'gpwgjhfwaqsjjgf'),
(73, N'urbqgaqibagqegbdqgq', N'ntaqthdxwfwftfqd', N'tvekusuuwhrmlkkfqod'),
(74, N'ugwtkvknwcnvk', N'rvqilubopvfvgaepxd', N'vwhxqdbglttcvlwqmkv'),
(75, N'wnliexnnkfjkjliu', N'fxowclsknujploojeh', N'jwpehevafpacxin'),
(76, N'namuixngidaakow', N'wakbqmnjionmxnxj', N'nldwgekddjgchsur'),
(77, N'xgnrfomdpbcxlsfak', N'ousrvufjbiu', N'vcurettvivawkpvdpj'),
(78, N'ipmkmdhhbfog', N'brqqtbqgiebmfudnnxa', N'qpioehvlgqfvtavukxp'),
(79, N'enxscbpeqfuxmco', N'bgruqsnfowbvwlv', N'vggqwdnqiaaaw'),
(80, N'caafqnflubnqw', N'evpsfpqivbssktw', N'lwnkxnbrcjegrxwrml'),
(81, N'kbwpctpoasenshdcw', N'mulmtikilwngvsqa', N'fgmwjivjieuoata'),
(82, N'qnhlicetclhmt', N'umuncoaqbei', N'khspskgcxqwp'),
(83, N'aahvrttpdu', N'roibmjdxxtro', N'dnndktafvsjwufbqw'),
(84, N'bqegabrbjshgegemgf', N'phligxjaus', N'mqpfwftsbtknqrunts'),
(85, N'rqronkrcitbtmiis', N'axiarfoklgqfwjdaf', N'igiutfctjbphtm'),
(86, N'pawpubljarwaf', N'aorwkeervssonjoc', N'egctewlejqaroccg'),
(87, N'cqkiwdqgsgabdlhvh', N'igtoskdlrwakokjense', N'xrbjxnqubnpwtndkmrd'),
(88, N'mxdcrdsmhoeqsbjcnas', N'hdqauqqtbvfxxiebr', N'ahxerinvvmxkkd'),
(89, N'bownpksoxndforidow', N'xigciqnhohihus', N'jibrbtjpvjhatbkse'),
(90, N'stqanxgeiqf', N'cpckaqgbwmsoexgisl', N'bkhboowkjeltqfatjv'),
(91, N'fjsjdfrxhtcqivqr', N'fkjlfdugspnvabb', N'oxslpamijtihimkpl'),
(92, N'pigxtbtqtpoaiqpwpl', N'lilbsvgedebsiwpq', N'wmixeirgwi'),
(93, N'jovvjpbxufcjrklfeel', N'gkmacsvgrt', N'xoacnwcefjum'),
(94, N'fgkdbirhexpgrbj', N'drltxjnnwwdbxjod', N'krxlvlheswucqxhkeag'),
(95, N'ktdcuahjktbhowxsps', N'oxnojjgdtrluveval', N'mtppthedier'),
(96, N'wpeakkgjxldixlaoa', N'mqjuewtqoc', N'phamoaibokcvj'),
(97, N'gedtrtncidb', N'iowneiwkfud', N'qhdwlagrhwedsqduoa'),
(98, N'chqriplrucdi', N'qqgsfdqaoqujkqaruc', N'tcxumfkucigrl'),
(99, N'gjogksxgemnxdgvfhdn', N'arriokmradsqbvddkgc', N'gbnvvbjmxcjfoilkilu'),
(100, N'ivbomxubtcmvxg', N'mugnuquqwohnwtuk', N'trtaifqeeethtf')

INSERT Product (ID, Name, Type_t)VALUES
(1, N'xmnnnloduuilrhncbh', 7),
(2, N'mexkiauubvksiexqcax', 9),
(3, N'fivrlmoniwxq', 14),
(4, N'wcgndbacbjwdwhvt', 9),
(5, N'cdmmqpduggrqirns', 11),
(6, N'tqqeoblqoujskddch', 9),
(7, N'qjhktjnoab', 5),
(8, N'vevggjibhbsmtgvafha', 16),
(9, N'bfvgboiwxb', 10),
(10, N'njibjpkagiwas', 14),
(11, N'elbvidwfpglmckq', 14),
(12, N'hsiewvulgx', 20),
(13, N'fghwufwxwduwtnm', 20),
(14, N'fvmjcvbrcb', 19),
(15, N'fijhfafjlqdld', 17),
(16, N'okparhedlqwg', 10),
(17, N'qgofxvcewpede', 19),
(18, N'gtvhnnbwgskhvvei', 20),
(19, N'owennevpvcoqrsve', 16),
(20, N'lvjxdrbtqrteodaqekh', 18),
(21, N'fpfdfdlptl', 18),
(22, N'jqlvxqhrclnaauvu', 6),
(23, N'otwmnseswmiptvqwtu', 16),
(24, N'uiqduchsee', 11),
(25, N'oaewbutgdulqwrks', 7),
(26, N'nuswlvqtasgfvpx', 11),
(27, N'lkiuprquiarh', 15),
(28, N'decqktpkmlldwhfoomm', 6),
(29, N'gnbptfbnixpssiwv', 13),
(30, N'seiwchpnnh', 13),
(31, N'jhqhskaqrntqv', 10),
(32, N'owglwxtpdla', 7),
(33, N'ubdjiseovqlrxsbah', 16),
(34, N'envsscrbspcohd', 1),
(35, N'odxjkkrmxldsomh', 2),
(36, N'wsoacxesofmxirlothp', 16),
(37, N'fmugqxtnupoxwi', 8),
(38, N'ernqprlwhgcpiorxvr', 3),
(39, N'koijoglqqwntqjbtkn', 11),
(40, N'pesavglbqfoqqjsjvni', 7),
(41, N'cvuespcvqdpawwvthc', 11),
(42, N'wepcomebmn', 4),
(43, N'sflpgxlrsxecunh', 2),
(44, N'hiiwiubpfttejam', 1),
(45, N'hbtqwmdgxvxjvhu', 9),
(46, N'ftjiutewctfmpdb', 8),
(47, N'tufilqlcniiuqfvfxbs', 1),
(48, N'cmwkraicmqmf', 8),
(49, N'fduniitamwqgijgdplx', 18),
(50, N'kvnaxiumjarjruqp', 18),
(51, N'ewexiprrdo', 7),
(52, N'kxsrdpjvpdgjgxwwc', 1),
(53, N'uvcetukxcjtiwllbf', 5),
(54, N'ishcguhmldt', 2),
(55, N'lcbeukptintlxpnrix', 11),
(56, N'rebiicjxdufcnm', 15),
(57, N'sbqffrirxhejdwhf', 15),
(58, N'guhphjvvrjdcniu', 17),
(59, N'vxsjlgdqbogwmiad', 19),
(60, N'xottnpunfdeue', 8),
(61, N'hlgpmcjjbwmpj', 8),
(62, N'trkmmdfxdsvdrqagp', 7),
(63, N'agreajtpixsjsv', 18),
(64, N'llwexgmbnhjgurbpwau', 18),
(65, N'boiduntvrshsketjnr', 3),
(66, N'oxvgkslroougjqkd', 19),
(67, N'bpicbkqfceakhrwr', 16),
(68, N'ijohwhbmjsnsouoq', 14),
(69, N'gkniqipxrkpjqsn', 9),
(70, N'kkxkbreaitrqblwgsbg', 20),
(71, N'lipnbvdgprxkqoosrf', 18),
(72, N'foxrplqcuhkfc', 4),
(73, N'lmobeasnncugrshift', 17),
(74, N'qwrmdptpof', 2),
(75, N'taehowjcnpqcvsqevpu', 18),
(76, N'gslmqsdxfbn', 4),
(77, N'hiulnnjxdrodjcuae', 6),
(78, N'jevgauxsijwkm', 12),
(79, N'eoxhksnevlsqrovv', 7),
(80, N'ijpaqdpqvt', 15),
(81, N'dvqhxaphgsrudombh', 10),
(82, N'vwajopwmeufdt', 13),
(83, N'xwnxiinlsm', 17),
(84, N'grcrlgwsmmbqttqtgvc', 12),
(85, N'lrffeubrfdnn', 10),
(86, N'iojpvoagclppoeaurao', 3),
(87, N'pubkewenmibmawcubuo', 7),
(88, N'psfmdmdrpbm', 17),
(89, N'nwoxlnapovcvav', 14),
(90, N'ifadrbpaqxnw', 10),
(91, N'alaguqlxdtuudwhbain', 7),
(92, N'tukmocdftrfhdcsq', 7),
(93, N'ieucjerxpmjfwrxkxdm', 2),
(94, N'aoklkhkrjssd', 9),
(95, N'ctthkaijaoapmbnucsw', 8),
(96, N'rjnbtidbgjwctsoo', 5),
(97, N'agwitkprncmah', 16),
(98, N'ngpkdeijnplarxej', 10),
(99, N'gnctekxxgh', 7),
(100, N'pwntmtvnhnxufdwd', 14)

INSERT Shop (ID, Name, Address_t)VALUES
(1, N'arthwsaxaed', N'bpdslfxkbxsalvixhj'),
(2, N'mwcvscpauxppdk', N'geexarrqunsxwkj'),
(3, N'xubcijaugteoqjc', N'iccscjhgmb'),
(4, N'skhsadkhjjiueow', N'ulxwdchsqevmv'),
(5, N'vjheirfgqlienidkkuw', N'rdifmxwwhnwod'),
(6, N'cocjfvvhgrrtgmrs', N'bucoatikfgugosqk'),
(7, N'dujfmqvfine', N'bckldsmgjbjwmn'),
(8, N'uafnhvutopa', N'ikjqjrednhu'),
(9, N'bttbobdkjqs', N'sjuinbsmbhcn'),
(10, N'lelqccikxgr', N'rqwbhbpghjpwlm'),
(11, N'jujufjnssmljhq', N'oglqfjqmwuufbuf'),
(12, N'jhesphgpbxxlpsuhmni', N'dcfvqbnflmvjhjo'),
(13, N'scpsdjvgcpnhvaepa', N'jsvpnstpmpnaficxq'),
(14, N'urhmbukigpnbiahqatw', N'bcooellafnahotp'),
(15, N'lnqhxjfgkxrf', N'pohwbmmtknlbwfenf'),
(16, N'opxstjpgubwnjlpbdmq', N'kwwqsswxcsx'),
(17, N'hgrxutlvuenbtmedr', N'oimxoxmjfirl'),
(18, N'iubrafscbosqquvtaj', N'cunjehankdmm'),
(19, N'ikbqpddirowpo', N'ndoexioajvnok'),
(20, N'taduhfvrmjpnculhi', N'fjtqnekmxwqhidliv'),
(21, N'rfplclhsvkwx', N'kwjtgmgbfmwdaftcfgx'),
(22, N'wxjqttvjqfdtrh', N'keqkijorqxflnks'),
(23, N'xhltnkxexfkvn', N'cijkucxneqvao'),
(24, N'qwdnjptfwkwdsnixnxp', N'mnldfxdtmddafuidiwl'),
(25, N'dfgqqdsidkspxf', N'btkwotqfsqnqnhaknf'),
(26, N'usatdjlnkc', N'gqvowansfmlnfjsnnrg'),
(27, N'jrkflfrijjhxkd', N'gwetvsdgmlvkqq'),
(28, N'oabkqxswmwpf', N'ufkstihcoaqausjln'),
(29, N'cvwwumswaw', N'slctdftuabcdlpli'),
(30, N'tqmhumicbb', N'xifcpiumqtofd'),
(31, N'ilntklxkepevufog', N'gbupkkptks'),
(32, N'itvtjhoxcrsfs', N'taokxjfrqsxbf'),
(33, N'cfsepvbnwoeooigxvdr', N'hborgqwbxlgvkoub'),
(34, N'sjhqpegvbpp', N'sbqorhjbgndonu'),
(35, N'lctimvesfjrc', N'lsnqdowqejx'),
(36, N'abexprrnxlcgdpo', N'iqtepgcvhnoft'),
(37, N'anboqumebmujipshmw', N'jdmxwipgbuwtmrd'),
(38, N'emabkvkklienco', N'roliwpqvwr'),
(39, N'wxlrlftnvgishfvsi', N'ntumexpuxhpdafp'),
(40, N'nvqauvsfljreun', N'iingipsxqn'),
(41, N'ohsfjprdudcdnup', N'lgvikhsiafn'),
(42, N'nmcgnurrcfkdrvvqmh', N'gpovxtoksrcmq'),
(43, N'vijherpsospdx', N'nucvespiksvchbh'),
(44, N'iiremvriwimcojba', N'hihokutoxeqxcp'),
(45, N'lawqfiiaivmgmae', N'jhvnddwnshumehetv'),
(46, N'cusqjrvxmlapp', N'xbpugfjhox'),
(47, N'lfgimbemanacnwjv', N'wocuujbmjfgd'),
(48, N'kscbfrwakmaaujna', N'pbkcufxhmnwgjfjqrd'),
(49, N'ugxvphlqgmp', N'gkbwtshjfuo'),
(50, N'kheveiemod', N'qbqbwcjbpklwgdn'),
(51, N'vxufafipnqaeelgix', N'qkcowqrgweb'),
(52, N'tbbwhhfvxhdcogpm', N'waggxnggtsknstkpj'),
(53, N'jhpafjlxpivkgtkpxtb', N'sfwlqgdfpedg'),
(54, N'safewlgsllpggtp', N'swiarjqurwtsehvun'),
(55, N'tjclreihkffq', N'cfnwslxejwjhmdrg'),
(56, N'xoojklwqfqejhae', N'ebdhchdmhupscomp'),
(57, N'dodorkqfbvvorvpqk', N'msgqhtxjpfevnwwen'),
(58, N'kchjhoqgjkmlvokc', N'mtdnudolersexlqqwu'),
(59, N'hkvebdqdgxw', N'ekgusnshwmpxcw'),
(60, N'sidwcrpcbtnprdom', N'ogburxrwxplwwrr'),
(61, N'jdoftpxienbnmixe', N'uhhdmivgvcnbbxhdp'),
(62, N'cihnxibbwssdpadk', N'ouxkpbkjigqraaid'),
(63, N'uxhcsvguffmowmu', N'xplotrchmmckxc'),
(64, N'nkbvjxmpeptlr', N'txtkswnanrijwrp'),
(65, N'uhtsnkpplxrstpiidbv', N'ijcigdfkwcxjm'),
(66, N'gxijmwndnrnkd', N'ejqiaacqgtkvdaeq'),
(67, N'eeeawlxchlqm', N'iisjhdwscbqsc'),
(68, N'ogirosuwmbndljo', N'ieouovhlbb'),
(69, N'ogipjvxllkhn', N'ojcvfmeimcvrn'),
(70, N'qsdwwlfppfxcwbax', N'nudtilwupwmmauaovhp'),
(71, N'esurroexurjx', N'olxbokffdx'),
(72, N'emnxqjbpnu', N'xooelaktnb'),
(73, N'okpshqvcqxnwbx', N'obmqmgbfvpduhcid'),
(74, N'qnwtjfnnue', N'wbcjmftsxr'),
(75, N'raijgfhckbjsuiusna', N'kcfgmdohdgbqc'),
(76, N'axqccoceseg', N'eksilrawqximg'),
(77, N'otfuibcbaivktfhx', N'nraofclhtdvvukaq'),
(78, N'vtdpbomtqgxtetmaj', N'gxtqxvjgbdsxilmsm'),
(79, N'pbrdbwclgp', N'blnaxlktpb'),
(80, N'sxgkivcjrwcxqbs', N'foeweqsqqgpdhjpnoi'),
(81, N'tmeondsvaddiiqj', N'pqkirxocewkkbdnkguf'),
(82, N'vfjhqkxrmncvsnt', N'rhnlflkwom'),
(83, N'qgnbnvpaddstm', N'xxtoubakipnsvnp'),
(84, N'dqfxmdsdvuufraofrvi', N'ciifkakrrvdcvqfgmp'),
(85, N'ufeeprtauhu', N'akxsndgqrufecmsu'),
(86, N'emgqnnblxq', N'sehifpxswmegx'),
(87, N'tuultibithtu', N'aqupnhxegfhxnrxh'),
(88, N'ivfuuulljicre', N'rsedhjhfqbwegd'),
(89, N'snoetmbhoxwchkut', N'cpowssthbgoic'),
(90, N'eecctktktqvhuu', N'hnumqmmkvhjcxgmrel'),
(91, N'ebmkiktpav', N'lkhpjhjearvwuhsiv'),
(92, N'dljraoqflfgnnlqutj', N'jwjfcdesss'),
(93, N'cvhuxfapngriml', N'vcldcbcecolsctie'),
(94, N'xdhigkjmmkbllp', N'fcbuhxussn'),
(95, N'hedxhkcalxigdk', N'lehveiecdrr'),
(96, N'fcliebxkacar', N'svhueljbhtutvjkaskd'),
(97, N'dourvvdnphjvcpr', N'mtpteanbkkrqlwlqp'),
(98, N'qtptxdistscx', N'xixqmtidxnjwtpfabld'),
(99, N'beoakbqrvhhmfxxuuiw', N'fvlngfgvdls'),
(100, N'mqrfuisdbcuegmwvugj', N'kuhjajnksbci')

INSERT ProductCost (ProductID, ShopID, Cost)VALUES
(1, 1, 22086),
(1, 2, 2182),
(1, 3, 27830),
(1, 4, 5257),
(1, 5, 4189),
(1, 6, 12717),
(1, 7, 839),
(1, 8, 20999),
(1, 9, 11916),
(1, 10, 17500),
(1, 11, 12223),
(1, 12, 6734),
(1, 13, 31469),
(1, 14, 17630),
(1, 15, 32144),
(1, 16, 16917),
(1, 17, 21029),
(1, 18, 19662),
(1, 19, 20791),
(1, 20, 18425),
(1, 21, 29742),
(1, 22, 10448),
(1, 23, 24348),
(1, 24, 32720),
(1, 25, 21082),
(1, 26, 32383),
(1, 27, 2490),
(1, 28, 2106),
(1, 29, 32404),
(1, 30, 3750),
(1, 31, 27391),
(1, 32, 15992),
(1, 33, 8169),
(1, 34, 26546),
(1, 35, 3318),
(1, 36, 9346),
(1, 37, 4168),
(1, 38, 7271),
(1, 39, 5539),
(1, 40, 27987),
(1, 41, 1926),
(1, 42, 21203),
(1, 43, 27183),
(1, 44, 9096),
(1, 45, 30629),
(1, 46, 16256),
(1, 47, 3397),
(1, 48, 7721),
(1, 49, 32342),
(1, 50, 24814),
(1, 51, 15547),
(1, 52, 14279),
(1, 53, 4028),
(1, 54, 3904),
(1, 55, 4725),
(1, 56, 31687),
(1, 57, 15987),
(1, 58, 13366),
(1, 59, 11398),
(1, 60, 15869),
(1, 61, 17617),
(1, 62, 16219),
(1, 63, 8345),
(1, 64, 20605),
(1, 65, 13164),
(1, 66, 10880),
(1, 67, 16016),
(1, 68, 19373),
(1, 69, 26844),
(1, 70, 8808),
(1, 71, 26218),
(1, 72, 7327),
(1, 73, 14018),
(1, 74, 10181),
(1, 75, 30058),
(1, 76, 19870),
(1, 77, 22537),
(1, 78, 15459),
(1, 79, 3701),
(1, 80, 15623),
(1, 81, 7275),
(1, 82, 28836),
(1, 83, 16829),
(1, 84, 13915),
(1, 85, 27959),
(1, 86, 25900),
(1, 87, 22428),
(1, 88, 8593),
(1, 89, 3922),
(1, 90, 5341),
(1, 91, 17090),
(1, 92, 15537),
(1, 93, 18044),
(1, 94, 31494),
(1, 95, 32147),
(1, 96, 5022),
(1, 97, 15829),
(1, 98, 27095),
(1, 99, 22219),
(1, 100, 10803),
(2, 1, 22944),
(2, 2, 9497),
(2, 3, 29028),
(2, 4, 3218),
(2, 5, 22086),
(2, 6, 5404),
(2, 7, 31673),
(2, 8, 14777),
(2, 9, 22686),
(2, 10, 9712),
(2, 11, 25067),
(2, 12, 7255),
(2, 13, 21355),
(2, 14, 9943),
(2, 15, 32644),
(2, 16, 1501),
(2, 17, 26151),
(2, 18, 15867),
(2, 19, 5210),
(2, 20, 24535),
(2, 21, 6399),
(2, 22, 17501),
(2, 23, 183),
(2, 24, 1917),
(2, 25, 6686),
(2, 26, 7694),
(2, 27, 3254),
(2, 28, 1925),
(2, 29, 24622),
(2, 30, 25249),
(2, 31, 16112),
(2, 32, 9276),
(2, 33, 22044),
(2, 34, 27104),
(2, 35, 1624),
(2, 36, 28117),
(2, 37, 29724),
(2, 38, 4286),
(2, 39, 15204),
(2, 40, 19713),
(2, 41, 27118),
(2, 42, 19085),
(2, 43, 15470),
(2, 44, 15808),
(2, 45, 15967),
(2, 46, 21105),
(2, 47, 10585),
(2, 48, 11382),
(2, 49, 2066),
(2, 50, 4373),
(2, 51, 631),
(2, 52, 10561),
(2, 53, 9088),
(2, 54, 2716),
(2, 55, 11946),
(2, 56, 25994),
(2, 57, 2622),
(2, 58, 26843),
(2, 59, 11466),
(2, 60, 12250),
(2, 61, 12159),
(2, 62, 30149),
(2, 63, 29767),
(2, 64, 25071),
(2, 65, 1497),
(2, 66, 6694),
(2, 67, 18704),
(2, 68, 29968),
(2, 69, 4684),
(2, 70, 13461),
(2, 71, 1715),
(2, 72, 12445),
(2, 73, 12416),
(2, 74, 23715),
(2, 75, 9925),
(2, 76, 9962),
(2, 77, 27726),
(2, 78, 26201),
(2, 79, 1668),
(2, 80, 29773),
(2, 81, 5250),
(2, 82, 14818),
(2, 83, 12219),
(2, 84, 29814),
(2, 85, 27359),
(2, 86, 21380),
(2, 87, 10470),
(2, 88, 25087),
(2, 89, 5476),
(2, 90, 32725),
(2, 91, 4247),
(2, 92, 5188),
(2, 93, 13518),
(2, 94, 10283),
(2, 95, 2072),
(2, 96, 20341),
(2, 97, 17502),
(2, 98, 17236),
(2, 99, 12626),
(2, 100, 23274),
(3, 1, 9948),
(3, 2, 16007),
(3, 3, 17389),
(3, 4, 20918),
(3, 5, 1244),
(3, 6, 29339),
(3, 7, 32185),
(3, 8, 24958),
(3, 9, 24640),
(3, 10, 31095),
(3, 11, 29261),
(3, 12, 27532),
(3, 13, 254),
(3, 14, 30666),
(3, 15, 32238),
(3, 16, 15391),
(3, 17, 7972),
(3, 18, 12028),
(3, 19, 24498),
(3, 20, 19461),
(3, 21, 28185),
(3, 22, 27492),
(3, 23, 16100),
(3, 24, 16492),
(3, 25, 27941),
(3, 26, 8891),
(3, 27, 8107),
(3, 28, 7414),
(3, 29, 8499),
(3, 30, 22224),
(3, 31, 2791),
(3, 32, 23563),
(3, 33, 7126),
(3, 34, 4222),
(3, 35, 27996),
(3, 36, 24947),
(3, 37, 29579),
(3, 38, 1755),
(3, 39, 29202),
(3, 40, 31524),
(3, 41, 4414),
(3, 42, 18099),
(3, 43, 23547),
(3, 44, 25688),
(3, 45, 30479),
(3, 46, 28213),
(3, 47, 8919),
(3, 48, 32483),
(3, 49, 25685),
(3, 50, 20715),
(3, 51, 22357),
(3, 52, 14020),
(3, 53, 31459),
(3, 54, 6128),
(3, 55, 4731),
(3, 56, 17402),
(3, 57, 18827),
(3, 58, 12893),
(3, 59, 29767),
(3, 60, 16025),
(3, 61, 24545),
(3, 62, 10756),
(3, 63, 30103),
(3, 64, 14620),
(3, 65, 20289),
(3, 66, 12385),
(3, 67, 4422),
(3, 68, 21757),
(3, 69, 15636),
(3, 70, 30669),
(3, 71, 2200),
(3, 72, 1411),
(3, 73, 27214),
(3, 74, 11509),
(3, 75, 18136),
(3, 76, 29916),
(3, 77, 21563),
(3, 78, 9355),
(3, 79, 10303),
(3, 80, 16235),
(3, 81, 21116),
(3, 82, 4411),
(3, 83, 10264),
(3, 84, 31075),
(3, 85, 22093),
(3, 86, 21985),
(3, 87, 14882),
(3, 88, 12949),
(3, 89, 12041),
(3, 90, 18425),
(3, 91, 21302),
(3, 92, 27782),
(3, 93, 30703),
(3, 94, 30294),
(3, 95, 25897),
(3, 96, 14021),
(3, 97, 4902),
(3, 98, 18456),
(3, 99, 20980),
(3, 100, 25979),
(4, 1, 22015),
(4, 2, 2008),
(4, 3, 6674),
(4, 4, 5700),
(4, 5, 19067),
(4, 6, 12069),
(4, 7, 18986),
(4, 8, 30525),
(4, 9, 10765),
(4, 10, 1588),
(4, 11, 27630),
(4, 12, 1119),
(4, 13, 30112),
(4, 14, 27603),
(4, 15, 32323),
(4, 16, 12043),
(4, 17, 20188),
(4, 18, 22943),
(4, 19, 14498),
(4, 20, 9189),
(4, 21, 30373),
(4, 22, 30839),
(4, 23, 7614),
(4, 24, 8934),
(4, 25, 5349),
(4, 26, 22832),
(4, 27, 8551),
(4, 28, 7597),
(4, 29, 11660),
(4, 30, 9610),
(4, 31, 26030),
(4, 32, 4118),
(4, 33, 26325),
(4, 34, 23907),
(4, 35, 21322),
(4, 36, 18190),
(4, 37, 1226),
(4, 38, 29739),
(4, 39, 4410),
(4, 40, 2470),
(4, 41, 15882),
(4, 42, 25240),
(4, 43, 8108),
(4, 44, 22630),
(4, 45, 19914),
(4, 46, 155),
(4, 47, 6686),
(4, 48, 14051),
(4, 49, 26394),
(4, 50, 15250),
(4, 51, 25795),
(4, 52, 13203),
(4, 53, 28009),
(4, 54, 31935),
(4, 55, 18728),
(4, 56, 8673),
(4, 57, 5708),
(4, 58, 21497),
(4, 59, 17943),
(4, 60, 14973),
(4, 61, 22651),
(4, 62, 15009),
(4, 63, 5820),
(4, 64, 5622),
(4, 65, 19484),
(4, 66, 728),
(4, 67, 13574),
(4, 68, 13706),
(4, 69, 24645),
(4, 70, 18159),
(4, 71, 23376),
(4, 72, 3645),
(4, 73, 2492),
(4, 74, 27935),
(4, 75, 18753),
(4, 76, 18984),
(4, 77, 20225),
(4, 78, 4987),
(4, 79, 20464),
(4, 80, 13332),
(4, 81, 21902),
(4, 82, 30754),
(4, 83, 26956),
(4, 84, 327),
(4, 85, 21597),
(4, 86, 12729),
(4, 87, 24252),
(4, 88, 28062),
(4, 89, 4011),
(4, 90, 19481),
(4, 91, 17154),
(4, 92, 24028),
(4, 93, 16892),
(4, 94, 7492),
(4, 95, 17253),
(4, 96, 31810),
(4, 97, 5727),
(4, 98, 26270),
(4, 99, 5135),
(4, 100, 864),
(5, 1, 6131),
(5, 2, 5722),
(5, 3, 31668),
(5, 4, 11050),
(5, 5, 15018),
(5, 6, 15666),
(5, 7, 17012),
(5, 8, 27726),
(5, 9, 24909),
(5, 10, 3163),
(5, 11, 2051),
(5, 12, 3525),
(5, 13, 1216),
(5, 14, 28600),
(5, 15, 17671),
(5, 16, 12456),
(5, 17, 24712),
(5, 18, 6222),
(5, 19, 31681),
(5, 20, 20038),
(5, 21, 18570),
(5, 22, 2808),
(5, 23, 23536),
(5, 24, 23667),
(5, 25, 3093),
(5, 26, 1883),
(5, 27, 24050),
(5, 28, 3107),
(5, 29, 2595),
(5, 30, 23325),
(5, 31, 6445),
(5, 32, 22071),
(5, 33, 23260),
(5, 34, 30034),
(5, 35, 22957),
(5, 36, 19094),
(5, 37, 12892),
(5, 38, 20023),
(5, 39, 14606),
(5, 40, 21888),
(5, 41, 24758),
(5, 42, 30499),
(5, 43, 16029),
(5, 44, 28447),
(5, 45, 4921),
(5, 46, 26298),
(5, 47, 19130),
(5, 48, 26975),
(5, 49, 15090),
(5, 50, 21860),
(5, 51, 20865),
(5, 52, 20480),
(5, 53, 15473),
(5, 54, 15870),
(5, 55, 10409),
(5, 56, 3818),
(5, 57, 19664),
(5, 58, 22223),
(5, 59, 27819),
(5, 60, 21184),
(5, 61, 8178),
(5, 62, 5821),
(5, 63, 16679),
(5, 64, 22455),
(5, 65, 19465),
(5, 66, 6848),
(5, 67, 28804),
(5, 68, 6825),
(5, 69, 1627),
(5, 70, 32664),
(5, 71, 11992),
(5, 72, 8293),
(5, 73, 7493),
(5, 74, 955),
(5, 75, 1031),
(5, 76, 18250),
(5, 77, 21376),
(5, 78, 1426),
(5, 79, 8494),
(5, 80, 22292),
(5, 81, 163),
(5, 82, 12772),
(5, 83, 9538),
(5, 84, 17141),
(5, 85, 6889),
(5, 86, 30355),
(5, 87, 5364),
(5, 88, 20968),
(5, 89, 3637),
(5, 90, 3462),
(5, 91, 2520),
(5, 92, 8514),
(5, 93, 1107),
(5, 94, 13286),
(5, 95, 23751),
(5, 96, 13705),
(5, 97, 641),
(5, 98, 24973),
(5, 99, 20354),
(5, 100, 3466),
(6, 1, 46),
(6, 2, 5307),
(6, 3, 31127),
(6, 4, 27558),
(6, 5, 23297),
(6, 6, 1547),
(6, 7, 31881),
(6, 8, 18797),
(6, 9, 19485),
(6, 10, 22694),
(6, 11, 17195),
(6, 12, 10606),
(6, 13, 17060),
(6, 14, 6839),
(6, 15, 20557),
(6, 16, 15180),
(6, 17, 18297),
(6, 18, 10783),
(6, 19, 24730),
(6, 20, 1557),
(6, 21, 20043),
(6, 22, 20841),
(6, 23, 25537),
(6, 24, 3280),
(6, 25, 6095),
(6, 26, 12544),
(6, 27, 4307),
(6, 28, 8533),
(6, 29, 2380),
(6, 30, 18591),
(6, 31, 6636),
(6, 32, 22882),
(6, 33, 7517),
(6, 34, 13578),
(6, 35, 17174),
(6, 36, 23018),
(6, 37, 20979),
(6, 38, 30204),
(6, 39, 24682),
(6, 40, 27824),
(6, 41, 14233),
(6, 42, 20576),
(6, 43, 32633),
(6, 44, 5141),
(6, 45, 1532),
(6, 46, 8387),
(6, 47, 16362),
(6, 48, 4398),
(6, 49, 22954),
(6, 50, 12810),
(6, 51, 8036),
(6, 52, 4122),
(6, 53, 32538),
(6, 54, 27744),
(6, 55, 15534),
(6, 56, 28307),
(6, 57, 28397),
(6, 58, 28787),
(6, 59, 22036),
(6, 60, 20674),
(6, 61, 24435),
(6, 62, 29408),
(6, 63, 1805),
(6, 64, 30808),
(6, 65, 3953),
(6, 66, 27627),
(6, 67, 2332),
(6, 68, 4570),
(6, 69, 11809),
(6, 70, 28532),
(6, 71, 31732),
(6, 72, 27708),
(6, 73, 1147),
(6, 74, 16679),
(6, 75, 30943),
(6, 76, 20146),
(6, 77, 17331),
(6, 78, 30962),
(6, 79, 30048),
(6, 80, 24771),
(6, 81, 7427),
(6, 82, 19388),
(6, 83, 14615),
(6, 84, 22687),
(6, 85, 1706),
(6, 86, 19540),
(6, 87, 27366),
(6, 88, 25522),
(6, 89, 21045),
(6, 90, 14503),
(6, 91, 31058),
(6, 92, 32121),
(6, 93, 30717),
(6, 94, 10039),
(6, 95, 25132),
(6, 96, 10389),
(6, 97, 15345),
(6, 98, 10440),
(6, 99, 7536),
(6, 100, 15902),
(7, 1, 3989),
(7, 2, 12892),
(7, 3, 12141),
(7, 4, 18233),
(7, 5, 21835),
(7, 6, 25442),
(7, 7, 9766),
(7, 8, 5357),
(7, 9, 26834),
(7, 10, 31787),
(7, 11, 1529),
(7, 12, 2610),
(7, 13, 4364),
(7, 14, 6301),
(7, 15, 27006),
(7, 16, 19531),
(7, 17, 16132),
(7, 18, 811),
(7, 19, 22706),
(7, 20, 19798),
(7, 21, 15919),
(7, 22, 13317),
(7, 23, 6997),
(7, 24, 25890),
(7, 25, 14834),
(7, 26, 20619),
(7, 27, 2704),
(7, 28, 27712),
(7, 29, 15461),
(7, 30, 16136),
(7, 31, 9691),
(7, 32, 3421),
(7, 33, 2647),
(7, 34, 8861),
(7, 35, 28446),
(7, 36, 16591),
(7, 37, 146),
(7, 38, 21371),
(7, 39, 21014),
(7, 40, 9837),
(7, 41, 22111),
(7, 42, 10069),
(7, 43, 6907),
(7, 44, 12708),
(7, 45, 26957),
(7, 46, 7702),
(7, 47, 16480),
(7, 48, 23495),
(7, 49, 30255),
(7, 50, 18127),
(7, 51, 1114),
(7, 52, 20647),
(7, 53, 25444),
(7, 54, 28915),
(7, 55, 12516),
(7, 56, 18788),
(7, 57, 91),
(7, 58, 32198),
(7, 59, 29570),
(7, 60, 2434),
(7, 61, 24149),
(7, 62, 26131),
(7, 63, 7205),
(7, 64, 12863),
(7, 65, 9837),
(7, 66, 18461),
(7, 67, 17231),
(7, 68, 24612),
(7, 69, 4310),
(7, 70, 4569),
(7, 71, 7031),
(7, 72, 18139),
(7, 73, 24933),
(7, 74, 7002),
(7, 75, 29103),
(7, 76, 16192),
(7, 77, 3407),
(7, 78, 17805),
(7, 79, 8580),
(7, 80, 31674),
(7, 81, 28211),
(7, 82, 28966),
(7, 83, 38),
(7, 84, 22220),
(7, 85, 9819),
(7, 86, 25050),
(7, 87, 713),
(7, 88, 28647),
(7, 89, 6719),
(7, 90, 25039),
(7, 91, 9290),
(7, 92, 2691),
(7, 93, 9034),
(7, 94, 14673),
(7, 95, 19990),
(7, 96, 25454),
(7, 97, 24545),
(7, 98, 20166),
(7, 99, 18504),
(7, 100, 28771),
(8, 1, 17570),
(8, 2, 740),
(8, 3, 29969),
(8, 4, 15838),
(8, 5, 21225),
(8, 6, 7457),
(8, 7, 23389),
(8, 8, 24367),
(8, 9, 6297),
(8, 10, 23659),
(8, 11, 17587),
(8, 12, 9421),
(8, 13, 23833),
(8, 14, 26),
(8, 15, 29277),
(8, 16, 3310),
(8, 17, 8092),
(8, 18, 23843),
(8, 19, 11722),
(8, 20, 8788),
(8, 21, 19110),
(8, 22, 21390),
(8, 23, 14384),
(8, 24, 15722),
(8, 25, 16588),
(8, 26, 14378),
(8, 27, 23925),
(8, 28, 23439),
(8, 29, 9915),
(8, 30, 1663),
(8, 31, 11856),
(8, 32, 178),
(8, 33, 3707),
(8, 34, 28420),
(8, 35, 9644),
(8, 36, 22303),
(8, 37, 26613),
(8, 38, 5522),
(8, 39, 15693),
(8, 40, 408),
(8, 41, 23219),
(8, 42, 5145),
(8, 43, 13749),
(8, 44, 21416),
(8, 45, 27880),
(8, 46, 5522),
(8, 47, 5449),
(8, 48, 25652),
(8, 49, 7088),
(8, 50, 7476),
(8, 51, 8880),
(8, 52, 11859),
(8, 53, 18584),
(8, 54, 19947),
(8, 55, 24188),
(8, 56, 13408),
(8, 57, 8289),
(8, 58, 17926),
(8, 59, 16396),
(8, 60, 22861),
(8, 61, 24321),
(8, 62, 25391),
(8, 63, 14768),
(8, 64, 25657),
(8, 65, 5355),
(8, 66, 673),
(8, 67, 18447),
(8, 68, 25157),
(8, 69, 20880),
(8, 70, 4501),
(8, 71, 4294),
(8, 72, 23204),
(8, 73, 22310),
(8, 74, 509),
(8, 75, 21586),
(8, 76, 2290),
(8, 77, 15272),
(8, 78, 30581),
(8, 79, 14128),
(8, 80, 4551),
(8, 81, 6942),
(8, 82, 16503),
(8, 83, 9794),
(8, 84, 25995),
(8, 85, 16158),
(8, 86, 28622),
(8, 87, 23157),
(8, 88, 17804),
(8, 89, 24467),
(8, 90, 10829),
(8, 91, 16289),
(8, 92, 8013),
(8, 93, 24765),
(8, 94, 31936),
(8, 95, 17073),
(8, 96, 12834),
(8, 97, 12921),
(8, 98, 20003),
(8, 99, 19203),
(8, 100, 13049),
(9, 1, 13507),
(9, 2, 16914),
(9, 3, 25362),
(9, 4, 25211),
(9, 5, 17785),
(9, 6, 8065),
(9, 7, 21586),
(9, 8, 18772),
(9, 9, 23393),
(9, 10, 4013),
(9, 11, 14939),
(9, 12, 3790),
(9, 13, 21102),
(9, 14, 18770),
(9, 15, 20810),
(9, 16, 7589),
(9, 17, 19775),
(9, 18, 31775),
(9, 19, 868),
(9, 20, 2839),
(9, 21, 20457),
(9, 22, 4199),
(9, 23, 31229),
(9, 24, 29754),
(9, 25, 30710),
(9, 26, 3865),
(9, 27, 13721),
(9, 28, 17810),
(9, 29, 30126),
(9, 30, 17906),
(9, 31, 29008),
(9, 32, 8419),
(9, 33, 10901),
(9, 34, 31729),
(9, 35, 21879),
(9, 36, 21828),
(9, 37, 4404),
(9, 38, 18956),
(9, 39, 15740),
(9, 40, 7541),
(9, 41, 21020),
(9, 42, 27681),
(9, 43, 5394),
(9, 44, 6258),
(9, 45, 10793),
(9, 46, 7727),
(9, 47, 4238),
(9, 48, 12360),
(9, 49, 1540),
(9, 50, 22982),
(9, 51, 17553),
(9, 52, 25384),
(9, 53, 30443),
(9, 54, 1980),
(9, 55, 24808),
(9, 56, 8890),
(9, 57, 25781),
(9, 58, 31266),
(9, 59, 4784),
(9, 60, 15795),
(9, 61, 8464),
(9, 62, 17014),
(9, 63, 20926),
(9, 64, 1962),
(9, 65, 16398),
(9, 66, 14362),
(9, 67, 7486),
(9, 68, 13096),
(9, 69, 23008),
(9, 70, 17157),
(9, 71, 27545),
(9, 72, 4606),
(9, 73, 6625),
(9, 74, 16057),
(9, 75, 20893),
(9, 76, 12251),
(9, 77, 16086),
(9, 78, 2421),
(9, 79, 9432),
(9, 80, 31517),
(9, 81, 28787),
(9, 82, 5035),
(9, 83, 7492),
(9, 84, 28648),
(9, 85, 3618),
(9, 86, 948),
(9, 87, 14890),
(9, 88, 31093),
(9, 89, 23297),
(9, 90, 16835),
(9, 91, 28224),
(9, 92, 32173),
(9, 93, 11049),
(9, 94, 24),
(9, 95, 22292),
(9, 96, 18167),
(9, 97, 30262),
(9, 98, 4982),
(9, 99, 942),
(9, 100, 16462),
(10, 1, 29444),
(10, 2, 12246),
(10, 3, 3697),
(10, 4, 14230),
(10, 5, 8374),
(10, 6, 23901),
(10, 7, 3651),
(10, 8, 6704),
(10, 9, 24829),
(10, 10, 14732),
(10, 11, 8942),
(10, 12, 24524),
(10, 13, 1943),
(10, 14, 22711),
(10, 15, 8389),
(10, 16, 6014),
(10, 17, 789),
(10, 18, 23480),
(10, 19, 8074),
(10, 20, 19221),
(10, 21, 738),
(10, 22, 3556),
(10, 23, 28815),
(10, 24, 11432),
(10, 25, 16001),
(10, 26, 7998),
(10, 27, 16412),
(10, 28, 17009),
(10, 29, 16918),
(10, 30, 20203),
(10, 31, 26129),
(10, 32, 1246),
(10, 33, 25640),
(10, 34, 6630),
(10, 35, 10700),
(10, 36, 8934),
(10, 37, 18597),
(10, 38, 16885),
(10, 39, 32077),
(10, 40, 24730),
(10, 41, 5414),
(10, 42, 16604),
(10, 43, 29592),
(10, 44, 17404),
(10, 45, 14965),
(10, 46, 31696),
(10, 47, 30299),
(10, 48, 1043),
(10, 49, 30541),
(10, 50, 19246),
(10, 51, 32465),
(10, 52, 28223),
(10, 53, 30816),
(10, 54, 10861),
(10, 55, 21990),
(10, 56, 13771),
(10, 57, 14750),
(10, 58, 9298),
(10, 59, 8092),
(10, 60, 25025),
(10, 61, 3253),
(10, 62, 20322),
(10, 63, 13741),
(10, 64, 19714),
(10, 65, 26836),
(10, 66, 28317),
(10, 67, 5490),
(10, 68, 27797),
(10, 69, 26549),
(10, 70, 2665),
(10, 71, 25859),
(10, 72, 20544),
(10, 73, 5082),
(10, 74, 5581),
(10, 75, 21408),
(10, 76, 4437),
(10, 77, 27671),
(10, 78, 29663),
(10, 79, 22864),
(10, 80, 9167),
(10, 81, 16464),
(10, 82, 29056),
(10, 83, 6599),
(10, 84, 15773),
(10, 85, 19332),
(10, 86, 1862),
(10, 87, 28301),
(10, 88, 18494),
(10, 89, 12042),
(10, 90, 30650),
(10, 91, 23645),
(10, 92, 4238),
(10, 93, 13083),
(10, 94, 7620),
(10, 95, 30668),
(10, 96, 10464),
(10, 97, 28817),
(10, 98, 32611),
(10, 99, 32043),
(10, 100, 12620)
INSERT ProductCost (ProductID, ShopID, Cost)VALUES
(11, 1, 18414),
(11, 2, 30881),
(11, 3, 8109),
(11, 4, 31307),
(11, 5, 18848),
(11, 6, 4807),
(11, 7, 21453),
(11, 8, 13697),
(11, 9, 29572),
(11, 10, 23501),
(11, 11, 6378),
(11, 12, 10457),
(11, 13, 26536),
(11, 14, 21012),
(11, 15, 1588),
(11, 16, 6103),
(11, 17, 85),
(11, 18, 14424),
(11, 19, 7884),
(11, 20, 22314),
(11, 21, 25933),
(11, 22, 26080),
(11, 23, 12583),
(11, 24, 16001),
(11, 25, 1617),
(11, 26, 26359),
(11, 27, 17844),
(11, 28, 27808),
(11, 29, 7910),
(11, 30, 416),
(11, 31, 24766),
(11, 32, 4531),
(11, 33, 10073),
(11, 34, 29318),
(11, 35, 7059),
(11, 36, 13282),
(11, 37, 22273),
(11, 38, 30258),
(11, 39, 22758),
(11, 40, 8741),
(11, 41, 7108),
(11, 42, 29312),
(11, 43, 6258),
(11, 44, 2394),
(11, 45, 10972),
(11, 46, 21588),
(11, 47, 11744),
(11, 48, 24469),
(11, 49, 3803),
(11, 50, 30089),
(11, 51, 24299),
(11, 52, 6583),
(11, 53, 22253),
(11, 54, 7978),
(11, 55, 11458),
(11, 56, 24386),
(11, 57, 19294),
(11, 58, 31717),
(11, 59, 19629),
(11, 60, 12395),
(11, 61, 19292),
(11, 62, 3772),
(11, 63, 5108),
(11, 64, 12913),
(11, 65, 14333),
(11, 66, 510),
(11, 67, 23293),
(11, 68, 5678),
(11, 69, 4228),
(11, 70, 25206),
(11, 71, 7092),
(11, 72, 19692),
(11, 73, 9184),
(11, 74, 6882),
(11, 75, 20271),
(11, 76, 32633),
(11, 77, 31605),
(11, 78, 17319),
(11, 79, 20115),
(11, 80, 31614),
(11, 81, 25375),
(11, 82, 6850),
(11, 83, 15153),
(11, 84, 2828),
(11, 85, 12916),
(11, 86, 14338),
(11, 87, 12789),
(11, 88, 27256),
(11, 89, 15178),
(11, 90, 20852),
(11, 91, 19969),
(11, 92, 20585),
(11, 93, 378),
(11, 94, 9247),
(11, 95, 16021),
(11, 96, 15407),
(11, 97, 8163),
(11, 98, 21746),
(11, 99, 29746),
(11, 100, 32342),
(12, 1, 32433),
(12, 2, 24059),
(12, 3, 10495),
(12, 4, 12155),
(12, 5, 16095),
(12, 6, 23514),
(12, 7, 18539),
(12, 8, 2399),
(12, 9, 32506),
(12, 10, 20340),
(12, 11, 31252),
(12, 12, 22074),
(12, 13, 23848),
(12, 14, 10220),
(12, 15, 21480),
(12, 16, 27218),
(12, 17, 23146),
(12, 18, 10447),
(12, 19, 30601),
(12, 20, 23499),
(12, 21, 798),
(12, 22, 142),
(12, 23, 7926),
(12, 24, 27841),
(12, 25, 200),
(12, 26, 9010),
(12, 27, 23657),
(12, 28, 23444),
(12, 29, 30993),
(12, 30, 15691),
(12, 31, 4475),
(12, 32, 3459),
(12, 33, 24080),
(12, 34, 21289),
(12, 35, 24974),
(12, 36, 18301),
(12, 37, 5065),
(12, 38, 24655),
(12, 39, 9068),
(12, 40, 26931),
(12, 41, 3827),
(12, 42, 2853),
(12, 43, 5676),
(12, 44, 24178),
(12, 45, 20735),
(12, 46, 16621),
(12, 47, 23894),
(12, 48, 15024),
(12, 49, 25941),
(12, 50, 19960),
(12, 51, 2119),
(12, 52, 13029),
(12, 53, 17377),
(12, 54, 17946),
(12, 55, 10454),
(12, 56, 27036),
(12, 57, 15566),
(12, 58, 20827),
(12, 59, 15671),
(12, 60, 16713),
(12, 61, 20881),
(12, 62, 12527),
(12, 63, 28960),
(12, 64, 10461),
(12, 65, 7978),
(12, 66, 4201),
(12, 67, 31275),
(12, 68, 5784),
(12, 69, 15782),
(12, 70, 30507),
(12, 71, 4988),
(12, 72, 9502),
(12, 73, 14569),
(12, 74, 28193),
(12, 75, 23715),
(12, 76, 1742),
(12, 77, 1706),
(12, 78, 11695),
(12, 79, 8131),
(12, 80, 17231),
(12, 81, 7615),
(12, 82, 26599),
(12, 83, 17140),
(12, 84, 29547),
(12, 85, 4763),
(12, 86, 768),
(12, 87, 26855),
(12, 88, 28449),
(12, 89, 23829),
(12, 90, 22531),
(12, 91, 1225),
(12, 92, 8693),
(12, 93, 11115),
(12, 94, 18888),
(12, 95, 25961),
(12, 96, 31115),
(12, 97, 26246),
(12, 98, 18465),
(12, 99, 31644),
(12, 100, 8820),
(13, 1, 19327),
(13, 2, 4949),
(13, 3, 24545),
(13, 4, 1864),
(13, 5, 15971),
(13, 6, 21456),
(13, 7, 23361),
(13, 8, 17909),
(13, 9, 14899),
(13, 10, 23064),
(13, 11, 30585),
(13, 12, 3926),
(13, 13, 559),
(13, 14, 6915),
(13, 15, 23131),
(13, 16, 9480),
(13, 17, 30804),
(13, 18, 15400),
(13, 19, 28786),
(13, 20, 27001),
(13, 21, 15652),
(13, 22, 17555),
(13, 23, 10981),
(13, 24, 13889),
(13, 25, 31909),
(13, 26, 17853),
(13, 27, 21661),
(13, 28, 27830),
(13, 29, 3244),
(13, 30, 4283),
(13, 31, 17066),
(13, 32, 29882),
(13, 33, 16475),
(13, 34, 19381),
(13, 35, 25571),
(13, 36, 7640),
(13, 37, 5353),
(13, 38, 31642),
(13, 39, 29645),
(13, 40, 5776),
(13, 41, 7073),
(13, 42, 22034),
(13, 43, 21695),
(13, 44, 28142),
(13, 45, 17710),
(13, 46, 28596),
(13, 47, 21827),
(13, 48, 21346),
(13, 49, 29205),
(13, 50, 6778),
(13, 51, 25790),
(13, 52, 2251),
(13, 53, 27779),
(13, 54, 2161),
(13, 55, 31572),
(13, 56, 15061),
(13, 57, 12105),
(13, 58, 1717),
(13, 59, 14598),
(13, 60, 13189),
(13, 61, 7717),
(13, 62, 25757),
(13, 63, 29),
(13, 64, 6930),
(13, 65, 4931),
(13, 66, 23347),
(13, 67, 3788),
(13, 68, 15095),
(13, 69, 26115),
(13, 70, 2279),
(13, 71, 23569),
(13, 72, 30534),
(13, 73, 20221),
(13, 74, 21892),
(13, 75, 15324),
(13, 76, 29247),
(13, 77, 19779),
(13, 78, 21090),
(13, 79, 3699),
(13, 80, 3617),
(13, 81, 28901),
(13, 82, 27358),
(13, 83, 32533),
(13, 84, 16704),
(13, 85, 11963),
(13, 86, 30983),
(13, 87, 5597),
(13, 88, 28760),
(13, 89, 8542),
(13, 90, 4762),
(13, 91, 8426),
(13, 92, 17185),
(13, 93, 23416),
(13, 94, 8753),
(13, 95, 14525),
(13, 96, 10019),
(13, 97, 12094),
(13, 98, 8375),
(13, 99, 25570),
(13, 100, 29900),
(14, 1, 3898),
(14, 2, 799),
(14, 3, 7635),
(14, 4, 27328),
(14, 5, 27726),
(14, 6, 12373),
(14, 7, 17689),
(14, 8, 29552),
(14, 9, 13558),
(14, 10, 4981),
(14, 11, 13492),
(14, 12, 26862),
(14, 13, 22989),
(14, 14, 7740),
(14, 15, 3261),
(14, 16, 19200),
(14, 17, 31571),
(14, 18, 20412),
(14, 19, 28234),
(14, 20, 7027),
(14, 21, 9453),
(14, 22, 4947),
(14, 23, 11922),
(14, 24, 21681),
(14, 25, 14637),
(14, 26, 3037),
(14, 27, 17746),
(14, 28, 11926),
(14, 29, 29524),
(14, 30, 7977),
(14, 31, 31343),
(14, 32, 9600),
(14, 33, 8725),
(14, 34, 21930),
(14, 35, 5852),
(14, 36, 30629),
(14, 37, 32668),
(14, 38, 25199),
(14, 39, 7358),
(14, 40, 3242),
(14, 41, 19151),
(14, 42, 26453),
(14, 43, 19150),
(14, 44, 31601),
(14, 45, 1492),
(14, 46, 18812),
(14, 47, 28415),
(14, 48, 8754),
(14, 49, 32211),
(14, 50, 10743),
(14, 51, 19554),
(14, 52, 1229),
(14, 53, 32765),
(14, 54, 22216),
(14, 55, 6214),
(14, 56, 25950),
(14, 57, 24525),
(14, 58, 18443),
(14, 59, 21155),
(14, 60, 19218),
(14, 61, 12941),
(14, 62, 32113),
(14, 63, 32185),
(14, 64, 27450),
(14, 65, 25629),
(14, 66, 20464),
(14, 67, 30964),
(14, 68, 10398),
(14, 69, 2288),
(14, 70, 3001),
(14, 71, 787),
(14, 72, 7444),
(14, 73, 4439),
(14, 74, 26219),
(14, 75, 10121),
(14, 76, 24913),
(14, 77, 16898),
(14, 78, 9606),
(14, 79, 6947),
(14, 80, 1790),
(14, 81, 5571),
(14, 82, 2338),
(14, 83, 19436),
(14, 84, 30991),
(14, 85, 27798),
(14, 86, 20193),
(14, 87, 10318),
(14, 88, 13904),
(14, 89, 11231),
(14, 90, 24866),
(14, 91, 24953),
(14, 92, 6720),
(14, 93, 13298),
(14, 94, 1655),
(14, 95, 11529),
(14, 96, 10275),
(14, 97, 20184),
(14, 98, 9562),
(14, 99, 18914),
(14, 100, 3155),
(15, 1, 31825),
(15, 2, 28699),
(15, 3, 19551),
(15, 4, 18391),
(15, 5, 16149),
(15, 6, 3357),
(15, 7, 30125),
(15, 8, 14902),
(15, 9, 20319),
(15, 10, 3906),
(15, 11, 6769),
(15, 12, 32141),
(15, 13, 22188),
(15, 14, 21156),
(15, 15, 23729),
(15, 16, 18656),
(15, 17, 6336),
(15, 18, 4486),
(15, 19, 15601),
(15, 20, 19630),
(15, 21, 11755),
(15, 22, 17802),
(15, 23, 18076),
(15, 24, 15816),
(15, 25, 12938),
(15, 26, 10532),
(15, 27, 23462),
(15, 28, 611),
(15, 29, 4048),
(15, 30, 27982),
(15, 31, 25456),
(15, 32, 13675),
(15, 33, 16839),
(15, 34, 30589),
(15, 35, 24812),
(15, 36, 29722),
(15, 37, 16017),
(15, 38, 15316),
(15, 39, 13313),
(15, 40, 10698),
(15, 41, 25332),
(15, 42, 1944),
(15, 43, 2609),
(15, 44, 19975),
(15, 45, 2070),
(15, 46, 20453),
(15, 47, 17017),
(15, 48, 18665),
(15, 49, 9860),
(15, 50, 22687),
(15, 51, 18552),
(15, 52, 29088),
(15, 53, 10873),
(15, 54, 18346),
(15, 55, 10964),
(15, 56, 23377),
(15, 57, 23902),
(15, 58, 30814),
(15, 59, 28890),
(15, 60, 25633),
(15, 61, 2189),
(15, 62, 9013),
(15, 63, 29540),
(15, 64, 14991),
(15, 65, 13658),
(15, 66, 11719),
(15, 67, 15616),
(15, 68, 19718),
(15, 69, 11860),
(15, 70, 14073),
(15, 71, 13646),
(15, 72, 22450),
(15, 73, 9672),
(15, 74, 13169),
(15, 75, 7082),
(15, 76, 1172),
(15, 77, 9607),
(15, 78, 11853),
(15, 79, 5387),
(15, 80, 20945),
(15, 81, 11241),
(15, 82, 532),
(15, 83, 20779),
(15, 84, 12880),
(15, 85, 6674),
(15, 86, 7660),
(15, 87, 2793),
(15, 88, 7299),
(15, 89, 22388),
(15, 90, 11022),
(15, 91, 26603),
(15, 92, 31621),
(15, 93, 20117),
(15, 94, 9848),
(15, 95, 31623),
(15, 96, 13926),
(15, 97, 10003),
(15, 98, 17121),
(15, 99, 28900),
(15, 100, 16835),
(16, 1, 24805),
(16, 2, 9970),
(16, 3, 8284),
(16, 4, 28569),
(16, 5, 13539),
(16, 6, 23475),
(16, 7, 5157),
(16, 8, 29018),
(16, 9, 24201),
(16, 10, 32580),
(16, 11, 16433),
(16, 12, 16449),
(16, 13, 13048),
(16, 14, 4045),
(16, 15, 29010),
(16, 16, 24547),
(16, 17, 10557),
(16, 18, 25271),
(16, 19, 14242),
(16, 20, 12040),
(16, 21, 14294),
(16, 22, 7197),
(16, 23, 20514),
(16, 24, 15032),
(16, 25, 11122),
(16, 26, 14973),
(16, 27, 20897),
(16, 28, 18329),
(16, 29, 23289),
(16, 30, 2740),
(16, 31, 8416),
(16, 32, 1400),
(16, 33, 23756),
(16, 34, 6185),
(16, 35, 28659),
(16, 36, 8485),
(16, 37, 8526),
(16, 38, 27976),
(16, 39, 19690),
(16, 40, 10372),
(16, 41, 5795),
(16, 42, 14386),
(16, 43, 945),
(16, 44, 29921),
(16, 45, 14776),
(16, 46, 10162),
(16, 47, 22325),
(16, 48, 3972),
(16, 49, 14467),
(16, 50, 5236),
(16, 51, 21960),
(16, 52, 17541),
(16, 53, 2444),
(16, 54, 19057),
(16, 55, 19655),
(16, 56, 22498),
(16, 57, 7340),
(16, 58, 1710),
(16, 59, 8058),
(16, 60, 4303),
(16, 61, 2324),
(16, 62, 32038),
(16, 63, 1339),
(16, 64, 3917),
(16, 65, 23698),
(16, 66, 31492),
(16, 67, 29403),
(16, 68, 8190),
(16, 69, 28688),
(16, 70, 30998),
(16, 71, 13121),
(16, 72, 568),
(16, 73, 25950),
(16, 74, 12927),
(16, 75, 29524),
(16, 76, 21592),
(16, 77, 12849),
(16, 78, 5036),
(16, 79, 17692),
(16, 80, 6745),
(16, 81, 23659),
(16, 82, 5513),
(16, 83, 24099),
(16, 84, 4773),
(16, 85, 19356),
(16, 86, 22772),
(16, 87, 5410),
(16, 88, 19754),
(16, 89, 21449),
(16, 90, 5746),
(16, 91, 25305),
(16, 92, 14513),
(16, 93, 23917),
(16, 94, 13856),
(16, 95, 27199),
(16, 96, 6763),
(16, 97, 20158),
(16, 98, 9197),
(16, 99, 19419),
(16, 100, 9165),
(17, 1, 6705),
(17, 2, 13319),
(17, 3, 18546),
(17, 4, 6814),
(17, 5, 5696),
(17, 6, 11155),
(17, 7, 30434),
(17, 8, 18255),
(17, 9, 619),
(17, 10, 16801),
(17, 11, 4430),
(17, 12, 7562),
(17, 13, 23933),
(17, 14, 11359),
(17, 15, 7547),
(17, 16, 21261),
(17, 17, 28944),
(17, 18, 3724),
(17, 19, 29818),
(17, 20, 22713),
(17, 21, 13907),
(17, 22, 22832),
(17, 23, 28040),
(17, 24, 27110),
(17, 25, 30731),
(17, 26, 30091),
(17, 27, 12338),
(17, 28, 9722),
(17, 29, 21976),
(17, 30, 19275),
(17, 31, 29117),
(17, 32, 26682),
(17, 33, 3258),
(17, 34, 30466),
(17, 35, 8644),
(17, 36, 20960),
(17, 37, 10451),
(17, 38, 17622),
(17, 39, 18979),
(17, 40, 14957),
(17, 41, 1135),
(17, 42, 17275),
(17, 43, 9748),
(17, 44, 31296),
(17, 45, 14401),
(17, 46, 862),
(17, 47, 13464),
(17, 48, 17256),
(17, 49, 24815),
(17, 50, 22051),
(17, 51, 18969),
(17, 52, 31927),
(17, 53, 24018),
(17, 54, 8786),
(17, 55, 25933),
(17, 56, 21271),
(17, 57, 27895),
(17, 58, 8013),
(17, 59, 19293),
(17, 60, 29985),
(17, 61, 18537),
(17, 62, 3462),
(17, 63, 12103),
(17, 64, 11500),
(17, 65, 10418),
(17, 66, 16110),
(17, 67, 26753),
(17, 68, 19491),
(17, 69, 20639),
(17, 70, 945),
(17, 71, 31967),
(17, 72, 7771),
(17, 73, 1604),
(17, 74, 20256),
(17, 75, 438),
(17, 76, 21923),
(17, 77, 7488),
(17, 78, 10478),
(17, 79, 6210),
(17, 80, 9564),
(17, 81, 30274),
(17, 82, 16032),
(17, 83, 2373),
(17, 84, 32587),
(17, 85, 6092),
(17, 86, 10559),
(17, 87, 17393),
(17, 88, 9964),
(17, 89, 17463),
(17, 90, 15184),
(17, 91, 17416),
(17, 92, 3849),
(17, 93, 12536),
(17, 94, 27398),
(17, 95, 9026),
(17, 96, 13708),
(17, 97, 17185),
(17, 98, 11445),
(17, 99, 23023),
(17, 100, 29074),
(18, 1, 29995),
(18, 2, 20874),
(18, 3, 29405),
(18, 4, 26560),
(18, 5, 18930),
(18, 6, 15994),
(18, 7, 13948),
(18, 8, 6362),
(18, 9, 28929),
(18, 10, 3960),
(18, 11, 4416),
(18, 12, 16017),
(18, 13, 16),
(18, 14, 31467),
(18, 15, 14663),
(18, 16, 27293),
(18, 17, 26059),
(18, 18, 2399),
(18, 19, 22332),
(18, 20, 7180),
(18, 21, 31189),
(18, 22, 30074),
(18, 23, 13947),
(18, 24, 16090),
(18, 25, 19981),
(18, 26, 18482),
(18, 27, 16501),
(18, 28, 18881),
(18, 29, 9488),
(18, 30, 1342),
(18, 31, 18262),
(18, 32, 28242),
(18, 33, 12799),
(18, 34, 31690),
(18, 35, 25574),
(18, 36, 3909),
(18, 37, 1410),
(18, 38, 3951),
(18, 39, 27309),
(18, 40, 28942),
(18, 41, 19468),
(18, 42, 3426),
(18, 43, 15451),
(18, 44, 22705),
(18, 45, 16737),
(18, 46, 25068),
(18, 47, 30055),
(18, 48, 3286),
(18, 49, 32086),
(18, 50, 16922),
(18, 51, 16629),
(18, 52, 27936),
(18, 53, 32216),
(18, 54, 7605),
(18, 55, 21245),
(18, 56, 5051),
(18, 57, 4656),
(18, 58, 28020),
(18, 59, 19882),
(18, 60, 13620),
(18, 61, 2949),
(18, 62, 12657),
(18, 63, 5632),
(18, 64, 12942),
(18, 65, 22179),
(18, 66, 13274),
(18, 67, 23490),
(18, 68, 4498),
(18, 69, 25339),
(18, 70, 25577),
(18, 71, 22675),
(18, 72, 20326),
(18, 73, 31466),
(18, 74, 23830),
(18, 75, 2651),
(18, 76, 16737),
(18, 77, 28990),
(18, 78, 28299),
(18, 79, 27884),
(18, 80, 30750),
(18, 81, 18422),
(18, 82, 14040),
(18, 83, 30438),
(18, 84, 22735),
(18, 85, 13385),
(18, 86, 10216),
(18, 87, 24023),
(18, 88, 24788),
(18, 89, 9194),
(18, 90, 1843),
(18, 91, 26023),
(18, 92, 18317),
(18, 93, 10123),
(18, 94, 15926),
(18, 95, 16180),
(18, 96, 29292),
(18, 97, 26272),
(18, 98, 3872),
(18, 99, 14905),
(18, 100, 28494),
(19, 1, 101),
(19, 2, 463),
(19, 3, 20084),
(19, 4, 26891),
(19, 5, 32290),
(19, 6, 7418),
(19, 7, 16392),
(19, 8, 19019),
(19, 9, 15021),
(19, 10, 16304),
(19, 11, 25376),
(19, 12, 668),
(19, 13, 25393),
(19, 14, 12033),
(19, 15, 17109),
(19, 16, 8642),
(19, 17, 29999),
(19, 18, 11259),
(19, 19, 12114),
(19, 20, 15694),
(19, 21, 24002),
(19, 22, 9688),
(19, 23, 30517),
(19, 24, 21619),
(19, 25, 7719),
(19, 26, 23669),
(19, 27, 20537),
(19, 28, 9748),
(19, 29, 6524),
(19, 30, 1798),
(19, 31, 13074),
(19, 32, 11553),
(19, 33, 28616),
(19, 34, 21257),
(19, 35, 11929),
(19, 36, 14116),
(19, 37, 2620),
(19, 38, 20344),
(19, 39, 30249),
(19, 40, 18711),
(19, 41, 15545),
(19, 42, 6211),
(19, 43, 12105),
(19, 44, 18041),
(19, 45, 8338),
(19, 46, 22013),
(19, 47, 17035),
(19, 48, 3745),
(19, 49, 3218),
(19, 50, 26069),
(19, 51, 13236),
(19, 52, 1105),
(19, 53, 20033),
(19, 54, 15817),
(19, 55, 17692),
(19, 56, 13198),
(19, 57, 2147),
(19, 58, 24854),
(19, 59, 27224),
(19, 60, 2479),
(19, 61, 23234),
(19, 62, 30963),
(19, 63, 19991),
(19, 64, 21429),
(19, 65, 14125),
(19, 66, 25982),
(19, 67, 28490),
(19, 68, 30426),
(19, 69, 1985),
(19, 70, 23287),
(19, 71, 6536),
(19, 72, 5997),
(19, 73, 2663),
(19, 74, 24364),
(19, 75, 15536),
(19, 76, 8668),
(19, 77, 1438),
(19, 78, 15156),
(19, 79, 26576),
(19, 80, 27155),
(19, 81, 14971),
(19, 82, 13664),
(19, 83, 27461),
(19, 84, 21764),
(19, 85, 14317),
(19, 86, 10095),
(19, 87, 26148),
(19, 88, 16519),
(19, 89, 29510),
(19, 90, 17665),
(19, 91, 17113),
(19, 92, 7525),
(19, 93, 18935),
(19, 94, 9807),
(19, 95, 26382),
(19, 96, 28591),
(19, 97, 20635),
(19, 98, 27416),
(19, 99, 6863),
(19, 100, 10581),
(20, 1, 4920),
(20, 2, 2527),
(20, 3, 27371),
(20, 4, 4851),
(20, 5, 10945),
(20, 6, 8019),
(20, 7, 2717),
(20, 8, 14062),
(20, 9, 19423),
(20, 10, 21007),
(20, 11, 30827),
(20, 12, 704),
(20, 13, 13040),
(20, 14, 7811),
(20, 15, 27215),
(20, 16, 4752),
(20, 17, 4433),
(20, 18, 7986),
(20, 19, 17685),
(20, 20, 23302),
(20, 21, 24536),
(20, 22, 9503),
(20, 23, 8964),
(20, 24, 9565),
(20, 25, 15013),
(20, 26, 13441),
(20, 27, 11712),
(20, 28, 4538),
(20, 29, 10779),
(20, 30, 14782),
(20, 31, 20335),
(20, 32, 5052),
(20, 33, 32041),
(20, 34, 2711),
(20, 35, 32539),
(20, 36, 7508),
(20, 37, 6350),
(20, 38, 1952),
(20, 39, 11351),
(20, 40, 27607),
(20, 41, 24796),
(20, 42, 29172),
(20, 43, 3622),
(20, 44, 11089),
(20, 45, 7676),
(20, 46, 18726),
(20, 47, 22808),
(20, 48, 25629),
(20, 49, 1266),
(20, 50, 17787),
(20, 51, 8374),
(20, 52, 26290),
(20, 53, 17186),
(20, 54, 16982),
(20, 55, 26656),
(20, 56, 10688),
(20, 57, 13395),
(20, 58, 11507),
(20, 59, 9717),
(20, 60, 20092),
(20, 61, 9652),
(20, 62, 19288),
(20, 63, 16243),
(20, 64, 16183),
(20, 65, 18972),
(20, 66, 28553),
(20, 67, 16096),
(20, 68, 7222),
(20, 69, 17302),
(20, 70, 27388),
(20, 71, 18728),
(20, 72, 27326),
(20, 73, 26141),
(20, 74, 22092),
(20, 75, 5831),
(20, 76, 14958),
(20, 77, 6052),
(20, 78, 305),
(20, 79, 29673),
(20, 80, 13522),
(20, 81, 29018),
(20, 82, 7856),
(20, 83, 3024),
(20, 84, 19252),
(20, 85, 1579),
(20, 86, 399),
(20, 87, 887),
(20, 88, 30389),
(20, 89, 29322),
(20, 90, 32012),
(20, 91, 10101),
(20, 92, 16029),
(20, 93, 6510),
(20, 94, 15823),
(20, 95, 12579),
(20, 96, 30960),
(20, 97, 12954),
(20, 98, 12060),
(20, 99, 26369),
(20, 100, 31042)
INSERT ProductCost (ProductID, ShopID, Cost)VALUES
(21, 1, 3618),
(21, 2, 16461),
(21, 3, 7254),
(21, 4, 8651),
(21, 5, 12587),
(21, 6, 7808),
(21, 7, 21527),
(21, 8, 2750),
(21, 9, 12274),
(21, 10, 13965),
(21, 11, 2826),
(21, 12, 13271),
(21, 13, 26896),
(21, 14, 4923),
(21, 15, 27947),
(21, 16, 29747),
(21, 17, 1532),
(21, 18, 27571),
(21, 19, 31311),
(21, 20, 7269),
(21, 21, 25809),
(21, 22, 30260),
(21, 23, 24071),
(21, 24, 32454),
(21, 25, 20305),
(21, 26, 21257),
(21, 27, 32455),
(21, 28, 21004),
(21, 29, 9002),
(21, 30, 9144),
(21, 31, 2120),
(21, 32, 8735),
(21, 33, 20345),
(21, 34, 8829),
(21, 35, 29994),
(21, 36, 17192),
(21, 37, 19341),
(21, 38, 19958),
(21, 39, 23518),
(21, 40, 31466),
(21, 41, 27373),
(21, 42, 32032),
(21, 43, 707),
(21, 44, 21589),
(21, 45, 12956),
(21, 46, 28546),
(21, 47, 32655),
(21, 48, 20824),
(21, 49, 5019),
(21, 50, 11688),
(21, 51, 26097),
(21, 52, 28408),
(21, 53, 11952),
(21, 54, 19923),
(21, 55, 18805),
(21, 56, 12191),
(21, 57, 1382),
(21, 58, 28911),
(21, 59, 5799),
(21, 60, 8118),
(21, 61, 15445),
(21, 62, 3013),
(21, 63, 1915),
(21, 64, 2165),
(21, 65, 21155),
(21, 66, 20594),
(21, 67, 14060),
(21, 68, 17658),
(21, 69, 29387),
(21, 70, 19480),
(21, 71, 6116),
(21, 72, 28057),
(21, 73, 16541),
(21, 74, 3283),
(21, 75, 21340),
(21, 76, 19828),
(21, 77, 18567),
(21, 78, 25583),
(21, 79, 20932),
(21, 80, 22091),
(21, 81, 29714),
(21, 82, 6232),
(21, 83, 29605),
(21, 84, 1685),
(21, 85, 10159),
(21, 86, 7505),
(21, 87, 15749),
(21, 88, 30159),
(21, 89, 28084),
(21, 90, 8553),
(21, 91, 31499),
(21, 92, 31508),
(21, 93, 21154),
(21, 94, 2475),
(21, 95, 7523),
(21, 96, 8686),
(21, 97, 22185),
(21, 98, 11542),
(21, 99, 22756),
(21, 100, 24940),
(22, 1, 6254),
(22, 2, 25677),
(22, 3, 17904),
(22, 4, 18804),
(22, 5, 7435),
(22, 6, 16783),
(22, 7, 2332),
(22, 8, 6747),
(22, 9, 22871),
(22, 10, 1256),
(22, 11, 18065),
(22, 12, 31411),
(22, 13, 24681),
(22, 14, 8361),
(22, 15, 25779),
(22, 16, 16228),
(22, 17, 23383),
(22, 18, 25111),
(22, 19, 25088),
(22, 20, 31231),
(22, 21, 11843),
(22, 22, 4704),
(22, 23, 16954),
(22, 24, 16718),
(22, 25, 28313),
(22, 26, 9171),
(22, 27, 22216),
(22, 28, 26672),
(22, 29, 3730),
(22, 30, 16207),
(22, 31, 26202),
(22, 32, 5795),
(22, 33, 25085),
(22, 34, 17916),
(22, 35, 30668),
(22, 36, 31011),
(22, 37, 24638),
(22, 38, 6970),
(22, 39, 17485),
(22, 40, 31283),
(22, 41, 18327),
(22, 42, 19159),
(22, 43, 5312),
(22, 44, 14905),
(22, 45, 1446),
(22, 46, 24453),
(22, 47, 3682),
(22, 48, 14734),
(22, 49, 2351),
(22, 50, 32139),
(22, 51, 12973),
(22, 52, 26838),
(22, 53, 24860),
(22, 54, 5562),
(22, 55, 5757),
(22, 56, 5005),
(22, 57, 19650),
(22, 58, 17571),
(22, 59, 5234),
(22, 60, 22755),
(22, 61, 8550),
(22, 62, 12807),
(22, 63, 32405),
(22, 64, 9930),
(22, 65, 10496),
(22, 66, 1167),
(22, 67, 4926),
(22, 68, 27469),
(22, 69, 24126),
(22, 70, 15805),
(22, 71, 14645),
(22, 72, 28707),
(22, 73, 10700),
(22, 74, 4643),
(22, 75, 18199),
(22, 76, 5252),
(22, 77, 1235),
(22, 78, 4563),
(22, 79, 23035),
(22, 80, 22843),
(22, 81, 9408),
(22, 82, 13590),
(22, 83, 32598),
(22, 84, 29437),
(22, 85, 5190),
(22, 86, 8545),
(22, 87, 13852),
(22, 88, 22265),
(22, 89, 23974),
(22, 90, 14980),
(22, 91, 2856),
(22, 92, 30128),
(22, 93, 10798),
(22, 94, 21541),
(22, 95, 21726),
(22, 96, 6151),
(22, 97, 31487),
(22, 98, 5997),
(22, 99, 21007),
(22, 100, 4762),
(23, 1, 24340),
(23, 2, 28929),
(23, 3, 12316),
(23, 4, 17236),
(23, 5, 19072),
(23, 6, 6964),
(23, 7, 15455),
(23, 8, 3389),
(23, 9, 29431),
(23, 10, 6267),
(23, 11, 17606),
(23, 12, 18066),
(23, 13, 21904),
(23, 14, 12833),
(23, 15, 27585),
(23, 16, 19739),
(23, 17, 18889),
(23, 18, 20283),
(23, 19, 29535),
(23, 20, 13497),
(23, 21, 17868),
(23, 22, 14303),
(23, 23, 17332),
(23, 24, 17471),
(23, 25, 14321),
(23, 26, 6289),
(23, 27, 12413),
(23, 28, 13442),
(23, 29, 6531),
(23, 30, 23038),
(23, 31, 16903),
(23, 32, 26036),
(23, 33, 7879),
(23, 34, 8429),
(23, 35, 1356),
(23, 36, 32493),
(23, 37, 10298),
(23, 38, 2674),
(23, 39, 10079),
(23, 40, 11275),
(23, 41, 22811),
(23, 42, 30820),
(23, 43, 24587),
(23, 44, 28092),
(23, 45, 30505),
(23, 46, 530),
(23, 47, 28599),
(23, 48, 12249),
(23, 49, 30638),
(23, 50, 23858),
(23, 51, 13453),
(23, 52, 6646),
(23, 53, 23996),
(23, 54, 21274),
(23, 55, 6876),
(23, 56, 20023),
(23, 57, 19895),
(23, 58, 5683),
(23, 59, 27834),
(23, 60, 2661),
(23, 61, 31251),
(23, 62, 2986),
(23, 63, 17645),
(23, 64, 24384),
(23, 65, 19807),
(23, 66, 23912),
(23, 67, 10508),
(23, 68, 29207),
(23, 69, 30083),
(23, 70, 26693),
(23, 71, 3809),
(23, 72, 31895),
(23, 73, 13382),
(23, 74, 23160),
(23, 75, 20754),
(23, 76, 32481),
(23, 77, 6419),
(23, 78, 5714),
(23, 79, 22272),
(23, 80, 22495),
(23, 81, 2044),
(23, 82, 11565),
(23, 83, 29680),
(23, 84, 14295),
(23, 85, 12799),
(23, 86, 1695),
(23, 87, 16745),
(23, 88, 8512),
(23, 89, 25224),
(23, 90, 2035),
(23, 91, 30940),
(23, 92, 27605),
(23, 93, 17976),
(23, 94, 20441),
(23, 95, 4235),
(23, 96, 32233),
(23, 97, 3813),
(23, 98, 23132),
(23, 99, 8099),
(23, 100, 12282),
(24, 1, 6370),
(24, 2, 8469),
(24, 3, 19883),
(24, 4, 3720),
(24, 5, 30080),
(24, 6, 2974),
(24, 7, 20770),
(24, 8, 28199),
(24, 9, 32468),
(24, 10, 17482),
(24, 11, 16740),
(24, 12, 1492),
(24, 13, 22715),
(24, 14, 17683),
(24, 15, 16334),
(24, 16, 901),
(24, 17, 796),
(24, 18, 12500),
(24, 19, 15394),
(24, 20, 20228),
(24, 21, 24941),
(24, 22, 19641),
(24, 23, 22573),
(24, 24, 28412),
(24, 25, 23417),
(24, 26, 11763),
(24, 27, 11943),
(24, 28, 17492),
(24, 29, 31584),
(24, 30, 28592),
(24, 31, 346),
(24, 32, 4029),
(24, 33, 11487),
(24, 34, 1354),
(24, 35, 4743),
(24, 36, 30087),
(24, 37, 465),
(24, 38, 31934),
(24, 39, 11653),
(24, 40, 29625),
(24, 41, 8182),
(24, 42, 17761),
(24, 43, 8875),
(24, 44, 32352),
(24, 45, 15348),
(24, 46, 20174),
(24, 47, 14960),
(24, 48, 13863),
(24, 49, 17819),
(24, 50, 5155),
(24, 51, 25553),
(24, 52, 27944),
(24, 53, 10605),
(24, 54, 26477),
(24, 55, 8691),
(24, 56, 28162),
(24, 57, 19294),
(24, 58, 4448),
(24, 59, 32010),
(24, 60, 14636),
(24, 61, 7896),
(24, 62, 6476),
(24, 63, 31353),
(24, 64, 11401),
(24, 65, 2),
(24, 66, 18764),
(24, 67, 24635),
(24, 68, 18748),
(24, 69, 12866),
(24, 70, 17089),
(24, 71, 18305),
(24, 72, 3005),
(24, 73, 10241),
(24, 74, 14078),
(24, 75, 17052),
(24, 76, 2604),
(24, 77, 30638),
(24, 78, 6213),
(24, 79, 6686),
(24, 80, 19686),
(24, 81, 8709),
(24, 82, 22259),
(24, 83, 25916),
(24, 84, 5463),
(24, 85, 3473),
(24, 86, 32503),
(24, 87, 375),
(24, 88, 1807),
(24, 89, 23407),
(24, 90, 18824),
(24, 91, 11644),
(24, 92, 26391),
(24, 93, 31062),
(24, 94, 30488),
(24, 95, 19272),
(24, 96, 25989),
(24, 97, 5332),
(24, 98, 1411),
(24, 99, 3471),
(24, 100, 9550),
(25, 1, 21466),
(25, 2, 5773),
(25, 3, 5215),
(25, 4, 30300),
(25, 5, 30331),
(25, 6, 6795),
(25, 7, 15617),
(25, 8, 30176),
(25, 9, 17905),
(25, 10, 4960),
(25, 11, 10528),
(25, 12, 2282),
(25, 13, 29921),
(25, 14, 939),
(25, 15, 16684),
(25, 16, 25911),
(25, 17, 21728),
(25, 18, 24127),
(25, 19, 13825),
(25, 20, 7241),
(25, 21, 1333),
(25, 22, 2516),
(25, 23, 17860),
(25, 24, 23741),
(25, 25, 32480),
(25, 26, 19708),
(25, 27, 18446),
(25, 28, 24026),
(25, 29, 8668),
(25, 30, 13912),
(25, 31, 17741),
(25, 32, 10598),
(25, 33, 10146),
(25, 34, 21771),
(25, 35, 7527),
(25, 36, 14269),
(25, 37, 7918),
(25, 38, 21871),
(25, 39, 416),
(25, 40, 4644),
(25, 41, 21701),
(25, 42, 22023),
(25, 43, 17853),
(25, 44, 28506),
(25, 45, 20151),
(25, 46, 2229),
(25, 47, 19561),
(25, 48, 32368),
(25, 49, 14946),
(25, 50, 29741),
(25, 51, 4825),
(25, 52, 21467),
(25, 53, 30263),
(25, 54, 27050),
(25, 55, 8108),
(25, 56, 11464),
(25, 57, 6017),
(25, 58, 736),
(25, 59, 22805),
(25, 60, 31919),
(25, 61, 4514),
(25, 62, 15409),
(25, 63, 1595),
(25, 64, 31019),
(25, 65, 25248),
(25, 66, 32547),
(25, 67, 32736),
(25, 68, 6153),
(25, 69, 26849),
(25, 70, 12562),
(25, 71, 21569),
(25, 72, 13214),
(25, 73, 17971),
(25, 74, 6690),
(25, 75, 25150),
(25, 76, 18782),
(25, 77, 29712),
(25, 78, 14456),
(25, 79, 12219),
(25, 80, 1707),
(25, 81, 27935),
(25, 82, 21418),
(25, 83, 32582),
(25, 84, 6123),
(25, 85, 4093),
(25, 86, 25715),
(25, 87, 26874),
(25, 88, 28125),
(25, 89, 7998),
(25, 90, 9388),
(25, 91, 31395),
(25, 92, 27949),
(25, 93, 687),
(25, 94, 23415),
(25, 95, 8995),
(25, 96, 15430),
(25, 97, 11742),
(25, 98, 14782),
(25, 99, 27924),
(25, 100, 9063),
(26, 1, 20445),
(26, 2, 23260),
(26, 3, 19630),
(26, 4, 13049),
(26, 5, 12354),
(26, 6, 15769),
(26, 7, 1259),
(26, 8, 9248),
(26, 9, 23922),
(26, 10, 18780),
(26, 11, 26602),
(26, 12, 10128),
(26, 13, 4128),
(26, 14, 13212),
(26, 15, 30353),
(26, 16, 5794),
(26, 17, 26640),
(26, 18, 22936),
(26, 19, 9079),
(26, 20, 15014),
(26, 21, 26145),
(26, 22, 25160),
(26, 23, 15617),
(26, 24, 7803),
(26, 25, 18314),
(26, 26, 15507),
(26, 27, 17099),
(26, 28, 7774),
(26, 29, 9828),
(26, 30, 19906),
(26, 31, 10825),
(26, 32, 10752),
(26, 33, 873),
(26, 34, 25653),
(26, 35, 22190),
(26, 36, 27867),
(26, 37, 7419),
(26, 38, 16980),
(26, 39, 18444),
(26, 40, 20677),
(26, 41, 14184),
(26, 42, 21961),
(26, 43, 17853),
(26, 44, 3782),
(26, 45, 14956),
(26, 46, 28397),
(26, 47, 2051),
(26, 48, 16935),
(26, 49, 18423),
(26, 50, 3199),
(26, 51, 9451),
(26, 52, 12747),
(26, 53, 12337),
(26, 54, 3996),
(26, 55, 17527),
(26, 56, 17347),
(26, 57, 26299),
(26, 58, 27627),
(26, 59, 24571),
(26, 60, 20252),
(26, 61, 23864),
(26, 62, 10265),
(26, 63, 4296),
(26, 64, 16379),
(26, 65, 26381),
(26, 66, 17029),
(26, 67, 12808),
(26, 68, 16877),
(26, 69, 2660),
(26, 70, 20028),
(26, 71, 23017),
(26, 72, 25720),
(26, 73, 25207),
(26, 74, 23591),
(26, 75, 28158),
(26, 76, 28150),
(26, 77, 30475),
(26, 78, 1155),
(26, 79, 22242),
(26, 80, 20643),
(26, 81, 11578),
(26, 82, 9362),
(26, 83, 5918),
(26, 84, 30196),
(26, 85, 13686),
(26, 86, 9360),
(26, 87, 18764),
(26, 88, 21546),
(26, 89, 6859),
(26, 90, 23017),
(26, 91, 18813),
(26, 92, 552),
(26, 93, 22372),
(26, 94, 22953),
(26, 95, 3545),
(26, 96, 15745),
(26, 97, 4689),
(26, 98, 20276),
(26, 99, 29317),
(26, 100, 5846),
(27, 1, 27272),
(27, 2, 11063),
(27, 3, 31946),
(27, 4, 14431),
(27, 5, 29481),
(27, 6, 16094),
(27, 7, 22899),
(27, 8, 31431),
(27, 9, 17670),
(27, 10, 5960),
(27, 11, 6774),
(27, 12, 15421),
(27, 13, 18786),
(27, 14, 11576),
(27, 15, 30679),
(27, 16, 11720),
(27, 17, 8697),
(27, 18, 15629),
(27, 19, 6090),
(27, 20, 2778),
(27, 21, 21057),
(27, 22, 23284),
(27, 23, 8728),
(27, 24, 28457),
(27, 25, 3568),
(27, 26, 5980),
(27, 27, 8899),
(27, 28, 16058),
(27, 29, 20670),
(27, 30, 18346),
(27, 31, 32749),
(27, 32, 21566),
(27, 33, 9068),
(27, 34, 18222),
(27, 35, 1782),
(27, 36, 27042),
(27, 37, 12805),
(27, 38, 17494),
(27, 39, 21733),
(27, 40, 28386),
(27, 41, 5988),
(27, 42, 28194),
(27, 43, 7689),
(27, 44, 17182),
(27, 45, 502),
(27, 46, 5592),
(27, 47, 6368),
(27, 48, 1007),
(27, 49, 5569),
(27, 50, 6393),
(27, 51, 4151),
(27, 52, 26363),
(27, 53, 12197),
(27, 54, 10099),
(27, 55, 24723),
(27, 56, 20935),
(27, 57, 28130),
(27, 58, 14872),
(27, 59, 25808),
(27, 60, 9165),
(27, 61, 8667),
(27, 62, 19791),
(27, 63, 5640),
(27, 64, 26319),
(27, 65, 3866),
(27, 66, 13322),
(27, 67, 25270),
(27, 68, 22890),
(27, 69, 7059),
(27, 70, 5880),
(27, 71, 283),
(27, 72, 2030),
(27, 73, 21805),
(27, 74, 29691),
(27, 75, 16609),
(27, 76, 26477),
(27, 77, 28798),
(27, 78, 12764),
(27, 79, 8191),
(27, 80, 10002),
(27, 81, 9430),
(27, 82, 7230),
(27, 83, 9948),
(27, 84, 11188),
(27, 85, 2432),
(27, 86, 23504),
(27, 87, 20407),
(27, 88, 27051),
(27, 89, 22596),
(27, 90, 16071),
(27, 91, 32070),
(27, 92, 4323),
(27, 93, 14640),
(27, 94, 25996),
(27, 95, 17565),
(27, 96, 16175),
(27, 97, 31641),
(27, 98, 10161),
(27, 99, 3666),
(27, 100, 11487),
(28, 1, 24668),
(28, 2, 17706),
(28, 3, 21215),
(28, 4, 1940),
(28, 5, 22889),
(28, 6, 14266),
(28, 7, 30279),
(28, 8, 28499),
(28, 9, 25219),
(28, 10, 14507),
(28, 11, 1789),
(28, 12, 18905),
(28, 13, 22337),
(28, 14, 20162),
(28, 15, 25601),
(28, 16, 24622),
(28, 17, 27225),
(28, 18, 30834),
(28, 19, 3660),
(28, 20, 31357),
(28, 21, 8733),
(28, 22, 18000),
(28, 23, 10606),
(28, 24, 28195),
(28, 25, 32326),
(28, 26, 31175),
(28, 27, 28534),
(28, 28, 20998),
(28, 29, 10993),
(28, 30, 31757),
(28, 31, 7186),
(28, 32, 19752),
(28, 33, 25831),
(28, 34, 16725),
(28, 35, 4855),
(28, 36, 13180),
(28, 37, 29473),
(28, 38, 27719),
(28, 39, 17795),
(28, 40, 25848),
(28, 41, 22924),
(28, 42, 17837),
(28, 43, 7073),
(28, 44, 8939),
(28, 45, 10505),
(28, 46, 23663),
(28, 47, 25582),
(28, 48, 20369),
(28, 49, 4280),
(28, 50, 25025),
(28, 51, 3866),
(28, 52, 19428),
(28, 53, 5238),
(28, 54, 5531),
(28, 55, 14992),
(28, 56, 26550),
(28, 57, 3236),
(28, 58, 22377),
(28, 59, 20057),
(28, 60, 6141),
(28, 61, 21291),
(28, 62, 12037),
(28, 63, 12861),
(28, 64, 26478),
(28, 65, 16828),
(28, 66, 25058),
(28, 67, 24108),
(28, 68, 21837),
(28, 69, 25949),
(28, 70, 26762),
(28, 71, 18909),
(28, 72, 5763),
(28, 73, 2849),
(28, 74, 22602),
(28, 75, 32693),
(28, 76, 27889),
(28, 77, 2614),
(28, 78, 5419),
(28, 79, 22250),
(28, 80, 2308),
(28, 81, 28453),
(28, 82, 24613),
(28, 83, 6376),
(28, 84, 10633),
(28, 85, 27734),
(28, 86, 5520),
(28, 87, 5620),
(28, 88, 28099),
(28, 89, 13267),
(28, 90, 12251),
(28, 91, 27919),
(28, 92, 3515),
(28, 93, 7757),
(28, 94, 25216),
(28, 95, 2845),
(28, 96, 27864),
(28, 97, 17252),
(28, 98, 24887),
(28, 99, 9542),
(28, 100, 15023),
(29, 1, 26403),
(29, 2, 10091),
(29, 3, 12957),
(29, 4, 5660),
(29, 5, 24778),
(29, 6, 21482),
(29, 7, 10495),
(29, 8, 26258),
(29, 9, 24273),
(29, 10, 27872),
(29, 11, 318),
(29, 12, 24495),
(29, 13, 11305),
(29, 14, 8198),
(29, 15, 18047),
(29, 16, 25364),
(29, 17, 23237),
(29, 18, 21271),
(29, 19, 13537),
(29, 20, 13427),
(29, 21, 30553),
(29, 22, 6276),
(29, 23, 11104),
(29, 24, 13289),
(29, 25, 10850),
(29, 26, 23656),
(29, 27, 29944),
(29, 28, 4751),
(29, 29, 27238),
(29, 30, 23998),
(29, 31, 11533),
(29, 32, 13644),
(29, 33, 9085),
(29, 34, 18386),
(29, 35, 17162),
(29, 36, 14829),
(29, 37, 30736),
(29, 38, 32757),
(29, 39, 24905),
(29, 40, 21111),
(29, 41, 32481),
(29, 42, 31605),
(29, 43, 15155),
(29, 44, 27323),
(29, 45, 8779),
(29, 46, 12748),
(29, 47, 1704),
(29, 48, 19500),
(29, 49, 1228),
(29, 50, 32536),
(29, 51, 9377),
(29, 52, 13294),
(29, 53, 3776),
(29, 54, 2763),
(29, 55, 15635),
(29, 56, 3887),
(29, 57, 2415),
(29, 58, 1700),
(29, 59, 21015),
(29, 60, 20922),
(29, 61, 27466),
(29, 62, 23006),
(29, 63, 3657),
(29, 64, 6857),
(29, 65, 14706),
(29, 66, 3239),
(29, 67, 21101),
(29, 68, 7195),
(29, 69, 8826),
(29, 70, 2003),
(29, 71, 18009),
(29, 72, 30535),
(29, 73, 13934),
(29, 74, 31954),
(29, 75, 28943),
(29, 76, 1360),
(29, 77, 24596),
(29, 78, 2527),
(29, 79, 7209),
(29, 80, 15481),
(29, 81, 881),
(29, 82, 28283),
(29, 83, 1658),
(29, 84, 10331),
(29, 85, 25999),
(29, 86, 25626),
(29, 87, 10738),
(29, 88, 10292),
(29, 89, 16766),
(29, 90, 28444),
(29, 91, 6338),
(29, 92, 26498),
(29, 93, 11929),
(29, 94, 15358),
(29, 95, 13761),
(29, 96, 17617),
(29, 97, 15370),
(29, 98, 23762),
(29, 99, 19470),
(29, 100, 6865),
(30, 1, 26001),
(30, 2, 31468),
(30, 3, 18935),
(30, 4, 8107),
(30, 5, 17793),
(30, 6, 20703),
(30, 7, 8986),
(30, 8, 20117),
(30, 9, 10251),
(30, 10, 168),
(30, 11, 7626),
(30, 12, 4005),
(30, 13, 25534),
(30, 14, 6696),
(30, 15, 4021),
(30, 16, 4578),
(30, 17, 6991),
(30, 18, 26072),
(30, 19, 19907),
(30, 20, 2977),
(30, 21, 19606),
(30, 22, 18360),
(30, 23, 21313),
(30, 24, 21775),
(30, 25, 20698),
(30, 26, 20104),
(30, 27, 25662),
(30, 28, 4362),
(30, 29, 12878),
(30, 30, 17211),
(30, 31, 12085),
(30, 32, 22581),
(30, 33, 31451),
(30, 34, 19625),
(30, 35, 12781),
(30, 36, 6731),
(30, 37, 24608),
(30, 38, 31620),
(30, 39, 26014),
(30, 40, 10675),
(30, 41, 28856),
(30, 42, 21133),
(30, 43, 30293),
(30, 44, 9557),
(30, 45, 9915),
(30, 46, 7943),
(30, 47, 2457),
(30, 48, 13485),
(30, 49, 903),
(30, 50, 13676),
(30, 51, 22607),
(30, 52, 18973),
(30, 53, 6336),
(30, 54, 26208),
(30, 55, 8155),
(30, 56, 24456),
(30, 57, 8853),
(30, 58, 16355),
(30, 59, 11912),
(30, 60, 24860),
(30, 61, 5957),
(30, 62, 28362),
(30, 63, 3882),
(30, 64, 14959),
(30, 65, 20450),
(30, 66, 21616),
(30, 67, 6146),
(30, 68, 14798),
(30, 69, 11862),
(30, 70, 9385),
(30, 71, 24801),
(30, 72, 15826),
(30, 73, 25763),
(30, 74, 8183),
(30, 75, 25744),
(30, 76, 24883),
(30, 77, 16751),
(30, 78, 15873),
(30, 79, 20848),
(30, 80, 6369),
(30, 81, 9663),
(30, 82, 23616),
(30, 83, 19806),
(30, 84, 30801),
(30, 85, 2051),
(30, 86, 17660),
(30, 87, 12505),
(30, 88, 4117),
(30, 89, 10323),
(30, 90, 8823),
(30, 91, 32103),
(30, 92, 6832),
(30, 93, 23032),
(30, 94, 12904),
(30, 95, 4916),
(30, 96, 27560),
(30, 97, 1582),
(30, 98, 19882),
(30, 99, 27133),
(30, 100, 21725)
INSERT ProductCost (ProductID, ShopID, Cost)VALUES
(31, 1, 19496),
(31, 2, 6198),
(31, 3, 20780),
(31, 4, 30232),
(31, 5, 25173),
(31, 6, 27983),
(31, 7, 31557),
(31, 8, 10983),
(31, 9, 7394),
(31, 10, 23548),
(31, 11, 22656),
(31, 12, 2729),
(31, 13, 15744),
(31, 14, 18363),
(31, 15, 1208),
(31, 16, 12005),
(31, 17, 28775),
(31, 18, 372),
(31, 19, 19587),
(31, 20, 13280),
(31, 21, 6810),
(31, 22, 27820),
(31, 23, 3491),
(31, 24, 10094),
(31, 25, 23917),
(31, 26, 1275),
(31, 27, 30365),
(31, 28, 23048),
(31, 29, 29509),
(31, 30, 22464),
(31, 31, 27047),
(31, 32, 17951),
(31, 33, 18848),
(31, 34, 17939),
(31, 35, 1735),
(31, 36, 432),
(31, 37, 31829),
(31, 38, 8955),
(31, 39, 8506),
(31, 40, 28185),
(31, 41, 5660),
(31, 42, 481),
(31, 43, 9235),
(31, 44, 6699),
(31, 45, 14928),
(31, 46, 18757),
(31, 47, 10788),
(31, 48, 2688),
(31, 49, 7156),
(31, 50, 23984),
(31, 51, 19745),
(31, 52, 23566),
(31, 53, 26101),
(31, 54, 30954),
(31, 55, 28675),
(31, 56, 29949),
(31, 57, 30894),
(31, 58, 364),
(31, 59, 2219),
(31, 60, 14262),
(31, 61, 8369),
(31, 62, 30232),
(31, 63, 11464),
(31, 64, 27709),
(31, 65, 10949),
(31, 66, 16936),
(31, 67, 26106),
(31, 68, 21440),
(31, 69, 31019),
(31, 70, 3429),
(31, 71, 4408),
(31, 72, 6768),
(31, 73, 32294),
(31, 74, 23705),
(31, 75, 19823),
(31, 76, 7055),
(31, 77, 16314),
(31, 78, 5702),
(31, 79, 15723),
(31, 80, 11210),
(31, 81, 18611),
(31, 82, 16280),
(31, 83, 8443),
(31, 84, 24010),
(31, 85, 10985),
(31, 86, 1433),
(31, 87, 2384),
(31, 88, 29958),
(31, 89, 30403),
(31, 90, 26276),
(31, 91, 11431),
(31, 92, 31451),
(31, 93, 19450),
(31, 94, 4124),
(31, 95, 7464),
(31, 96, 10718),
(31, 97, 26527),
(31, 98, 17501),
(31, 99, 26381),
(31, 100, 9073),
(32, 1, 21344),
(32, 2, 23795),
(32, 3, 23046),
(32, 4, 9108),
(32, 5, 6663),
(32, 6, 15627),
(32, 7, 476),
(32, 8, 9982),
(32, 9, 9539),
(32, 10, 18470),
(32, 11, 4693),
(32, 12, 14189),
(32, 13, 10411),
(32, 14, 12565),
(32, 15, 19033),
(32, 16, 21050),
(32, 17, 15872),
(32, 18, 13601),
(32, 19, 4690),
(32, 20, 7472),
(32, 21, 5810),
(32, 22, 6026),
(32, 23, 23001),
(32, 24, 23966),
(32, 25, 26278),
(32, 26, 28979),
(32, 27, 30862),
(32, 28, 26027),
(32, 29, 27703),
(32, 30, 10395),
(32, 31, 5703),
(32, 32, 27626),
(32, 33, 14715),
(32, 34, 9743),
(32, 35, 24174),
(32, 36, 302),
(32, 37, 8903),
(32, 38, 6174),
(32, 39, 676),
(32, 40, 6304),
(32, 41, 30325),
(32, 42, 23630),
(32, 43, 20650),
(32, 44, 22030),
(32, 45, 25060),
(32, 46, 24589),
(32, 47, 24450),
(32, 48, 5766),
(32, 49, 10177),
(32, 50, 3562),
(32, 51, 6097),
(32, 52, 26404),
(32, 53, 2949),
(32, 54, 6917),
(32, 55, 7048),
(32, 56, 24104),
(32, 57, 5695),
(32, 58, 18628),
(32, 59, 20675),
(32, 60, 2635),
(32, 61, 6292),
(32, 62, 28360),
(32, 63, 5106),
(32, 64, 27732),
(32, 65, 3588),
(32, 66, 24864),
(32, 67, 21814),
(32, 68, 12006),
(32, 69, 17775),
(32, 70, 1724),
(32, 71, 9486),
(32, 72, 4252),
(32, 73, 29399),
(32, 74, 13348),
(32, 75, 29746),
(32, 76, 13400),
(32, 77, 3687),
(32, 78, 7786),
(32, 79, 2751),
(32, 80, 19415),
(32, 81, 9396),
(32, 82, 31324),
(32, 83, 31381),
(32, 84, 20617),
(32, 85, 31812),
(32, 86, 7167),
(32, 87, 4349),
(32, 88, 16032),
(32, 89, 13389),
(32, 90, 10809),
(32, 91, 2960),
(32, 92, 1639),
(32, 93, 16574),
(32, 94, 15054),
(32, 95, 5204),
(32, 96, 10198),
(32, 97, 26499),
(32, 98, 27278),
(32, 99, 18727),
(32, 100, 11363),
(33, 1, 8965),
(33, 2, 17868),
(33, 3, 21089),
(33, 4, 29466),
(33, 5, 3569),
(33, 6, 5393),
(33, 7, 19637),
(33, 8, 752),
(33, 9, 15419),
(33, 10, 25106),
(33, 11, 2648),
(33, 12, 22357),
(33, 13, 9570),
(33, 14, 18656),
(33, 15, 28517),
(33, 16, 23304),
(33, 17, 1013),
(33, 18, 26975),
(33, 19, 28033),
(33, 20, 1327),
(33, 21, 20054),
(33, 22, 3321),
(33, 23, 25275),
(33, 24, 19623),
(33, 25, 11454),
(33, 26, 21651),
(33, 27, 24501),
(33, 28, 26009),
(33, 29, 4225),
(33, 30, 704),
(33, 31, 6409),
(33, 32, 32078),
(33, 33, 20628),
(33, 34, 13877),
(33, 35, 2022),
(33, 36, 26692),
(33, 37, 28492),
(33, 38, 10366),
(33, 39, 32250),
(33, 40, 30337),
(33, 41, 28008),
(33, 42, 17647),
(33, 43, 12437),
(33, 44, 25127),
(33, 45, 20050),
(33, 46, 11228),
(33, 47, 32523),
(33, 48, 3145),
(33, 49, 12706),
(33, 50, 30221),
(33, 51, 30810),
(33, 52, 31741),
(33, 53, 9700),
(33, 54, 19564),
(33, 55, 25612),
(33, 56, 21426),
(33, 57, 6299),
(33, 58, 10241),
(33, 59, 21087),
(33, 60, 12484),
(33, 61, 1926),
(33, 62, 20000),
(33, 63, 30628),
(33, 64, 10574),
(33, 65, 22305),
(33, 66, 23777),
(33, 67, 22245),
(33, 68, 23616),
(33, 69, 29295),
(33, 70, 31697),
(33, 71, 32714),
(33, 72, 18353),
(33, 73, 6135),
(33, 74, 1255),
(33, 75, 25533),
(33, 76, 22902),
(33, 77, 30732),
(33, 78, 14778),
(33, 79, 1613),
(33, 80, 28147),
(33, 81, 2130),
(33, 82, 22768),
(33, 83, 3280),
(33, 84, 12593),
(33, 85, 12414),
(33, 86, 10234),
(33, 87, 29005),
(33, 88, 5681),
(33, 89, 13405),
(33, 90, 17663),
(33, 91, 23705),
(33, 92, 22656),
(33, 93, 32536),
(33, 94, 21781),
(33, 95, 27583),
(33, 96, 15372),
(33, 97, 13238),
(33, 98, 25271),
(33, 99, 25765),
(33, 100, 32566),
(34, 1, 9954),
(34, 2, 116),
(34, 3, 7661),
(34, 4, 13096),
(34, 5, 9711),
(34, 6, 996),
(34, 7, 7706),
(34, 8, 28265),
(34, 9, 12057),
(34, 10, 27872),
(34, 11, 13812),
(34, 12, 3502),
(34, 13, 32526),
(34, 14, 19698),
(34, 15, 6701),
(34, 16, 30452),
(34, 17, 6061),
(34, 18, 17163),
(34, 19, 16452),
(34, 20, 4811),
(34, 21, 9229),
(34, 22, 24436),
(34, 23, 682),
(34, 24, 28661),
(34, 25, 24001),
(34, 26, 1031),
(34, 27, 20516),
(34, 28, 17711),
(34, 29, 22362),
(34, 30, 5279),
(34, 31, 27248),
(34, 32, 17743),
(34, 33, 20526),
(34, 34, 3021),
(34, 35, 30763),
(34, 36, 31119),
(34, 37, 30040),
(34, 38, 18381),
(34, 39, 28146),
(34, 40, 5673),
(34, 41, 13312),
(34, 42, 9144),
(34, 43, 4808),
(34, 44, 32036),
(34, 45, 221),
(34, 46, 12538),
(34, 47, 9143),
(34, 48, 25453),
(34, 49, 14583),
(34, 50, 9479),
(34, 51, 23226),
(34, 52, 19497),
(34, 53, 32690),
(34, 54, 20298),
(34, 55, 23771),
(34, 56, 20042),
(34, 57, 15880),
(34, 58, 11102),
(34, 59, 21401),
(34, 60, 22624),
(34, 61, 10006),
(34, 62, 25473),
(34, 63, 13708),
(34, 64, 26290),
(34, 65, 26074),
(34, 66, 22342),
(34, 67, 588),
(34, 68, 24462),
(34, 69, 22587),
(34, 70, 31370),
(34, 71, 30094),
(34, 72, 2525),
(34, 73, 31561),
(34, 74, 8360),
(34, 75, 30096),
(34, 76, 20986),
(34, 77, 27847),
(34, 78, 2033),
(34, 79, 16568),
(34, 80, 20677),
(34, 81, 9703),
(34, 82, 14678),
(34, 83, 7800),
(34, 84, 18675),
(34, 85, 21332),
(34, 86, 4200),
(34, 87, 6004),
(34, 88, 3752),
(34, 89, 28277),
(34, 90, 32643),
(34, 91, 30951),
(34, 92, 3399),
(34, 93, 31729),
(34, 94, 25669),
(34, 95, 10050),
(34, 96, 24457),
(34, 97, 4974),
(34, 98, 69),
(34, 99, 1047),
(34, 100, 11724),
(35, 1, 5279),
(35, 2, 27138),
(35, 3, 27446),
(35, 4, 18094),
(35, 5, 11645),
(35, 6, 2586),
(35, 7, 2838),
(35, 8, 9691),
(35, 9, 5588),
(35, 10, 30909),
(35, 11, 7286),
(35, 12, 23843),
(35, 13, 9218),
(35, 14, 20320),
(35, 15, 15683),
(35, 16, 5072),
(35, 17, 7931),
(35, 18, 17078),
(35, 19, 29373),
(35, 20, 4150),
(35, 21, 29073),
(35, 22, 6364),
(35, 23, 5846),
(35, 24, 32651),
(35, 25, 8947),
(35, 26, 20436),
(35, 27, 13530),
(35, 28, 28665),
(35, 29, 14451),
(35, 30, 2100),
(35, 31, 6485),
(35, 32, 12530),
(35, 33, 25740),
(35, 34, 2079),
(35, 35, 6450),
(35, 36, 3524),
(35, 37, 10019),
(35, 38, 27253),
(35, 39, 21536),
(35, 40, 5741),
(35, 41, 17165),
(35, 42, 20039),
(35, 43, 30266),
(35, 44, 27312),
(35, 45, 11474),
(35, 46, 6798),
(35, 47, 15590),
(35, 48, 15208),
(35, 49, 22192),
(35, 50, 10780),
(35, 51, 17149),
(35, 52, 30237),
(35, 53, 32227),
(35, 54, 29650),
(35, 55, 22573),
(35, 56, 20181),
(35, 57, 23844),
(35, 58, 788),
(35, 59, 26524),
(35, 60, 7212),
(35, 61, 26736),
(35, 62, 21626),
(35, 63, 12750),
(35, 64, 14759),
(35, 65, 30218),
(35, 66, 27336),
(35, 67, 24009),
(35, 68, 25670),
(35, 69, 30915),
(35, 70, 12321),
(35, 71, 9591),
(35, 72, 17752),
(35, 73, 12153),
(35, 74, 30583),
(35, 75, 8523),
(35, 76, 8083),
(35, 77, 28126),
(35, 78, 12870),
(35, 79, 30503),
(35, 80, 21092),
(35, 81, 25210),
(35, 82, 11906),
(35, 83, 28798),
(35, 84, 10116),
(35, 85, 32244),
(35, 86, 28878),
(35, 87, 15286),
(35, 88, 7884),
(35, 89, 24461),
(35, 90, 32494),
(35, 91, 23760),
(35, 92, 11338),
(35, 93, 27373),
(35, 94, 11903),
(35, 95, 4426),
(35, 96, 7316),
(35, 97, 27426),
(35, 98, 19429),
(35, 99, 11076),
(35, 100, 4956),
(36, 1, 26342),
(36, 2, 11654),
(36, 3, 10211),
(36, 4, 22597),
(36, 5, 2592),
(36, 6, 1846),
(36, 7, 1267),
(36, 8, 26101),
(36, 9, 18606),
(36, 10, 4593),
(36, 11, 6608),
(36, 12, 28524),
(36, 13, 7778),
(36, 14, 23504),
(36, 15, 30598),
(36, 16, 20372),
(36, 17, 4170),
(36, 18, 21558),
(36, 19, 5175),
(36, 20, 5913),
(36, 21, 21301),
(36, 22, 26698),
(36, 23, 17853),
(36, 24, 11386),
(36, 25, 15218),
(36, 26, 17323),
(36, 27, 20369),
(36, 28, 12897),
(36, 29, 23003),
(36, 30, 2399),
(36, 31, 2027),
(36, 32, 10288),
(36, 33, 27155),
(36, 34, 6412),
(36, 35, 22571),
(36, 36, 30940),
(36, 37, 30219),
(36, 38, 13418),
(36, 39, 7288),
(36, 40, 27646),
(36, 41, 21195),
(36, 42, 6392),
(36, 43, 9895),
(36, 44, 11559),
(36, 45, 23151),
(36, 46, 25070),
(36, 47, 26718),
(36, 48, 23924),
(36, 49, 1903),
(36, 50, 18035),
(36, 51, 2169),
(36, 52, 25443),
(36, 53, 21796),
(36, 54, 2065),
(36, 55, 26540),
(36, 56, 27877),
(36, 57, 2440),
(36, 58, 9574),
(36, 59, 22634),
(36, 60, 22453),
(36, 61, 19518),
(36, 62, 9500),
(36, 63, 3590),
(36, 64, 29671),
(36, 65, 11986),
(36, 66, 3355),
(36, 67, 1817),
(36, 68, 21700),
(36, 69, 2625),
(36, 70, 23036),
(36, 71, 30499),
(36, 72, 9173),
(36, 73, 21948),
(36, 74, 2753),
(36, 75, 29557),
(36, 76, 10814),
(36, 77, 23209),
(36, 78, 5316),
(36, 79, 26446),
(36, 80, 1102),
(36, 81, 27115),
(36, 82, 21486),
(36, 83, 4932),
(36, 84, 13139),
(36, 85, 30307),
(36, 86, 19241),
(36, 87, 7141),
(36, 88, 435),
(36, 89, 14518),
(36, 90, 18712),
(36, 91, 27551),
(36, 92, 27960),
(36, 93, 16465),
(36, 94, 17669),
(36, 95, 27613),
(36, 96, 2988),
(36, 97, 5547),
(36, 98, 2075),
(36, 99, 22899),
(36, 100, 7590),
(37, 1, 20938),
(37, 2, 30421),
(37, 3, 14396),
(37, 4, 17315),
(37, 5, 20233),
(37, 6, 3766),
(37, 7, 10753),
(37, 8, 2392),
(37, 9, 22296),
(37, 10, 27707),
(37, 11, 11421),
(37, 12, 15175),
(37, 13, 29252),
(37, 14, 27918),
(37, 15, 863),
(37, 16, 14993),
(37, 17, 15353),
(37, 18, 17020),
(37, 19, 20400),
(37, 20, 17163),
(37, 21, 24709),
(37, 22, 2089),
(37, 23, 7414),
(37, 24, 22419),
(37, 25, 10270),
(37, 26, 13058),
(37, 27, 25528),
(37, 28, 18597),
(37, 29, 13095),
(37, 30, 27764),
(37, 31, 18434),
(37, 32, 2345),
(37, 33, 19375),
(37, 34, 11739),
(37, 35, 5899),
(37, 36, 17807),
(37, 37, 28731),
(37, 38, 12350),
(37, 39, 18453),
(37, 40, 28958),
(37, 41, 31685),
(37, 42, 1081),
(37, 43, 1173),
(37, 44, 15753),
(37, 45, 3844),
(37, 46, 26170),
(37, 47, 31636),
(37, 48, 12484),
(37, 49, 7918),
(37, 50, 8945),
(37, 51, 1109),
(37, 52, 19733),
(37, 53, 19580),
(37, 54, 8193),
(37, 55, 21560),
(37, 56, 32622),
(37, 57, 27053),
(37, 58, 23804),
(37, 59, 19422),
(37, 60, 18426),
(37, 61, 20429),
(37, 62, 142),
(37, 63, 8078),
(37, 64, 20726),
(37, 65, 27383),
(37, 66, 17912),
(37, 67, 24279),
(37, 68, 26562),
(37, 69, 7897),
(37, 70, 24256),
(37, 71, 8055),
(37, 72, 3128),
(37, 73, 26807),
(37, 74, 7335),
(37, 75, 20348),
(37, 76, 2620),
(37, 77, 25266),
(37, 78, 30684),
(37, 79, 29353),
(37, 80, 20884),
(37, 81, 3147),
(37, 82, 17775),
(37, 83, 20251),
(37, 84, 32763),
(37, 85, 31779),
(37, 86, 12808),
(37, 87, 19757),
(37, 88, 20848),
(37, 89, 24324),
(37, 90, 21721),
(37, 91, 3736),
(37, 92, 27348),
(37, 93, 26661),
(37, 94, 28369),
(37, 95, 223),
(37, 96, 12980),
(37, 97, 5802),
(37, 98, 10771),
(37, 99, 28394),
(37, 100, 11364),
(38, 1, 29803),
(38, 2, 28070),
(38, 3, 22000),
(38, 4, 2381),
(38, 5, 12790),
(38, 6, 6510),
(38, 7, 411),
(38, 8, 25735),
(38, 9, 17367),
(38, 10, 15963),
(38, 11, 13159),
(38, 12, 23723),
(38, 13, 25879),
(38, 14, 9952),
(38, 15, 22860),
(38, 16, 32738),
(38, 17, 8962),
(38, 18, 17319),
(38, 19, 6044),
(38, 20, 15938),
(38, 21, 22061),
(38, 22, 20611),
(38, 23, 10798),
(38, 24, 22107),
(38, 25, 11448),
(38, 26, 17830),
(38, 27, 24764),
(38, 28, 28684),
(38, 29, 10705),
(38, 30, 26900),
(38, 31, 14986),
(38, 32, 22940),
(38, 33, 15993),
(38, 34, 5207),
(38, 35, 25928),
(38, 36, 6917),
(38, 37, 24459),
(38, 38, 628),
(38, 39, 9018),
(38, 40, 21395),
(38, 41, 15610),
(38, 42, 14879),
(38, 43, 23702),
(38, 44, 5550),
(38, 45, 32346),
(38, 46, 26667),
(38, 47, 24622),
(38, 48, 13556),
(38, 49, 10402),
(38, 50, 15940),
(38, 51, 5966),
(38, 52, 14988),
(38, 53, 4400),
(38, 54, 10720),
(38, 55, 12520),
(38, 56, 29622),
(38, 57, 525),
(38, 58, 30579),
(38, 59, 2030),
(38, 60, 20134),
(38, 61, 29555),
(38, 62, 13794),
(38, 63, 18688),
(38, 64, 31122),
(38, 65, 32396),
(38, 66, 28219),
(38, 67, 6983),
(38, 68, 30730),
(38, 69, 28029),
(38, 70, 931),
(38, 71, 20641),
(38, 72, 8840),
(38, 73, 3235),
(38, 74, 20368),
(38, 75, 24830),
(38, 76, 17480),
(38, 77, 8476),
(38, 78, 20024),
(38, 79, 13578),
(38, 80, 19289),
(38, 81, 10378),
(38, 82, 28489),
(38, 83, 1036),
(38, 84, 16117),
(38, 85, 17939),
(38, 86, 24282),
(38, 87, 18701),
(38, 88, 28686),
(38, 89, 173),
(38, 90, 23201),
(38, 91, 4926),
(38, 92, 6185),
(38, 93, 13976),
(38, 94, 26471),
(38, 95, 13716),
(38, 96, 23151),
(38, 97, 27179),
(38, 98, 31418),
(38, 99, 6581),
(38, 100, 23297),
(39, 1, 19412),
(39, 2, 27874),
(39, 3, 14871),
(39, 4, 24717),
(39, 5, 9563),
(39, 6, 18198),
(39, 7, 1894),
(39, 8, 13343),
(39, 9, 2662),
(39, 10, 16879),
(39, 11, 15655),
(39, 12, 13113),
(39, 13, 29250),
(39, 14, 2076),
(39, 15, 27036),
(39, 16, 18469),
(39, 17, 7904),
(39, 18, 4440),
(39, 19, 11495),
(39, 20, 15498),
(39, 21, 29982),
(39, 22, 10649),
(39, 23, 29553),
(39, 24, 6718),
(39, 25, 10824),
(39, 26, 30858),
(39, 27, 12173),
(39, 28, 3675),
(39, 29, 27359),
(39, 30, 7484),
(39, 31, 22105),
(39, 32, 661),
(39, 33, 24217),
(39, 34, 12824),
(39, 35, 9189),
(39, 36, 24778),
(39, 37, 11688),
(39, 38, 19737),
(39, 39, 27288),
(39, 40, 13531),
(39, 41, 27455),
(39, 42, 20536),
(39, 43, 29135),
(39, 44, 8379),
(39, 45, 2387),
(39, 46, 7719),
(39, 47, 10182),
(39, 48, 22213),
(39, 49, 14751),
(39, 50, 1857),
(39, 51, 10940),
(39, 52, 3667),
(39, 53, 24554),
(39, 54, 706),
(39, 55, 27986),
(39, 56, 9868),
(39, 57, 31116),
(39, 58, 2099),
(39, 59, 31285),
(39, 60, 27517),
(39, 61, 7727),
(39, 62, 7465),
(39, 63, 6908),
(39, 64, 12652),
(39, 65, 32211),
(39, 66, 27439),
(39, 67, 26196),
(39, 68, 14952),
(39, 69, 21),
(39, 70, 29185),
(39, 71, 31066),
(39, 72, 6693),
(39, 73, 26800),
(39, 74, 10747),
(39, 75, 24648),
(39, 76, 3079),
(39, 77, 9540),
(39, 78, 10960),
(39, 79, 29268),
(39, 80, 28541),
(39, 81, 10326),
(39, 82, 10879),
(39, 83, 9429),
(39, 84, 24208),
(39, 85, 30104),
(39, 86, 26755),
(39, 87, 6568),
(39, 88, 4796),
(39, 89, 17259),
(39, 90, 22858),
(39, 91, 27858),
(39, 92, 3070),
(39, 93, 21923),
(39, 94, 9705),
(39, 95, 1382),
(39, 96, 11822),
(39, 97, 30090),
(39, 98, 21518),
(39, 99, 28074),
(39, 100, 18575),
(40, 1, 11047),
(40, 2, 10806),
(40, 3, 30325),
(40, 4, 15269),
(40, 5, 7104),
(40, 6, 9248),
(40, 7, 10715),
(40, 8, 12614),
(40, 9, 12701),
(40, 10, 2945),
(40, 11, 20748),
(40, 12, 6900),
(40, 13, 28943),
(40, 14, 2297),
(40, 15, 4474),
(40, 16, 27242),
(40, 17, 7857),
(40, 18, 16710),
(40, 19, 25914),
(40, 20, 14453),
(40, 21, 6894),
(40, 22, 21176),
(40, 23, 29357),
(40, 24, 19973),
(40, 25, 5827),
(40, 26, 18148),
(40, 27, 1887),
(40, 28, 17284),
(40, 29, 1478),
(40, 30, 19613),
(40, 31, 14895),
(40, 32, 10854),
(40, 33, 29032),
(40, 34, 20000),
(40, 35, 30897),
(40, 36, 29954),
(40, 37, 4471),
(40, 38, 14223),
(40, 39, 976),
(40, 40, 4256),
(40, 41, 19943),
(40, 42, 417),
(40, 43, 8120),
(40, 44, 26067),
(40, 45, 3537),
(40, 46, 21655),
(40, 47, 31475),
(40, 48, 13065),
(40, 49, 30652),
(40, 50, 22386),
(40, 51, 4305),
(40, 52, 30048),
(40, 53, 1820),
(40, 54, 32611),
(40, 55, 2830),
(40, 56, 21435),
(40, 57, 6936),
(40, 58, 29571),
(40, 59, 26287),
(40, 60, 16406),
(40, 61, 25232),
(40, 62, 22724),
(40, 63, 24621),
(40, 64, 17174),
(40, 65, 18783),
(40, 66, 6695),
(40, 67, 27349),
(40, 68, 9700),
(40, 69, 19165),
(40, 70, 304),
(40, 71, 14191),
(40, 72, 28220),
(40, 73, 19880),
(40, 74, 12952),
(40, 75, 3614),
(40, 76, 24769),
(40, 77, 27813),
(40, 78, 25409),
(40, 79, 32647),
(40, 80, 32148),
(40, 81, 20801),
(40, 82, 22895),
(40, 83, 12597),
(40, 84, 11044),
(40, 85, 765),
(40, 86, 3636),
(40, 87, 18748),
(40, 88, 840),
(40, 89, 20521),
(40, 90, 812),
(40, 91, 15645),
(40, 92, 30347),
(40, 93, 13295),
(40, 94, 8299),
(40, 95, 2026),
(40, 96, 14790),
(40, 97, 23956),
(40, 98, 11956),
(40, 99, 2987),
(40, 100, 12789)
INSERT ProductCost (ProductID, ShopID, Cost)VALUES
(41, 1, 15611),
(41, 2, 16875),
(41, 3, 8703),
(41, 4, 21059),
(41, 5, 14443),
(41, 6, 10189),
(41, 7, 8199),
(41, 8, 8295),
(41, 9, 28561),
(41, 10, 11999),
(41, 11, 20863),
(41, 12, 21299),
(41, 13, 12233),
(41, 14, 22948),
(41, 15, 12078),
(41, 16, 16234),
(41, 17, 32153),
(41, 18, 21011),
(41, 19, 21633),
(41, 20, 1747),
(41, 21, 22398),
(41, 22, 12616),
(41, 23, 30835),
(41, 24, 15755),
(41, 25, 5612),
(41, 26, 28538),
(41, 27, 28079),
(41, 28, 31135),
(41, 29, 3216),
(41, 30, 4141),
(41, 31, 28153),
(41, 32, 218),
(41, 33, 20696),
(41, 34, 24233),
(41, 35, 13514),
(41, 36, 2268),
(41, 37, 18869),
(41, 38, 20138),
(41, 39, 11578),
(41, 40, 15724),
(41, 41, 27808),
(41, 42, 21849),
(41, 43, 14115),
(41, 44, 272),
(41, 45, 19419),
(41, 46, 20091),
(41, 47, 18308),
(41, 48, 7130),
(41, 49, 23033),
(41, 50, 16873),
(41, 51, 26659),
(41, 52, 19588),
(41, 53, 1696),
(41, 54, 7488),
(41, 55, 23159),
(41, 56, 28608),
(41, 57, 6286),
(41, 58, 13785),
(41, 59, 25028),
(41, 60, 12745),
(41, 61, 26842),
(41, 62, 9980),
(41, 63, 30856),
(41, 64, 32318),
(41, 65, 25468),
(41, 66, 24656),
(41, 67, 29974),
(41, 68, 8752),
(41, 69, 28944),
(41, 70, 30870),
(41, 71, 24961),
(41, 72, 21626),
(41, 73, 11735),
(41, 74, 6295),
(41, 75, 2747),
(41, 76, 6224),
(41, 77, 4607),
(41, 78, 4699),
(41, 79, 2814),
(41, 80, 11803),
(41, 81, 28452),
(41, 82, 30876),
(41, 83, 21355),
(41, 84, 1668),
(41, 85, 26390),
(41, 86, 19066),
(41, 87, 30962),
(41, 88, 27599),
(41, 89, 16349),
(41, 90, 1905),
(41, 91, 18545),
(41, 92, 21867),
(41, 93, 14586),
(41, 94, 16263),
(41, 95, 26144),
(41, 96, 6599),
(41, 97, 17904),
(41, 98, 29642),
(41, 99, 31788),
(41, 100, 29287),
(42, 1, 20995),
(42, 2, 23289),
(42, 3, 15522),
(42, 4, 1590),
(42, 5, 28992),
(42, 6, 24194),
(42, 7, 14991),
(42, 8, 28190),
(42, 9, 8893),
(42, 10, 25516),
(42, 11, 24166),
(42, 12, 26582),
(42, 13, 2082),
(42, 14, 13590),
(42, 15, 31137),
(42, 16, 11003),
(42, 17, 13928),
(42, 18, 8288),
(42, 19, 15787),
(42, 20, 5219),
(42, 21, 993),
(42, 22, 7208),
(42, 23, 6654),
(42, 24, 7086),
(42, 25, 30585),
(42, 26, 2616),
(42, 27, 17800),
(42, 28, 18205),
(42, 29, 15675),
(42, 30, 27133),
(42, 31, 30548),
(42, 32, 4520),
(42, 33, 17431),
(42, 34, 3900),
(42, 35, 4710),
(42, 36, 30538),
(42, 37, 26850),
(42, 38, 12544),
(42, 39, 18663),
(42, 40, 7072),
(42, 41, 21150),
(42, 42, 25815),
(42, 43, 31362),
(42, 44, 16050),
(42, 45, 25596),
(42, 46, 23101),
(42, 47, 21005),
(42, 48, 29713),
(42, 49, 26143),
(42, 50, 27225),
(42, 51, 26220),
(42, 52, 20514),
(42, 53, 20643),
(42, 54, 20455),
(42, 55, 25266),
(42, 56, 32697),
(42, 57, 21214),
(42, 58, 7030),
(42, 59, 31114),
(42, 60, 32233),
(42, 61, 613),
(42, 62, 14291),
(42, 63, 10198),
(42, 64, 23579),
(42, 65, 21202),
(42, 66, 4805),
(42, 67, 2709),
(42, 68, 20574),
(42, 69, 15045),
(42, 70, 15866),
(42, 71, 19466),
(42, 72, 32254),
(42, 73, 10793),
(42, 74, 7234),
(42, 75, 27675),
(42, 76, 11352),
(42, 77, 13753),
(42, 78, 28411),
(42, 79, 26615),
(42, 80, 24556),
(42, 81, 7106),
(42, 82, 22476),
(42, 83, 1275),
(42, 84, 2484),
(42, 85, 1578),
(42, 86, 8855),
(42, 87, 17111),
(42, 88, 16565),
(42, 89, 11697),
(42, 90, 27560),
(42, 91, 14572),
(42, 92, 14803),
(42, 93, 17015),
(42, 94, 30259),
(42, 95, 25337),
(42, 96, 29161),
(42, 97, 15807),
(42, 98, 18173),
(42, 99, 8439),
(42, 100, 15897),
(43, 1, 242),
(43, 2, 22361),
(43, 3, 28225),
(43, 4, 13921),
(43, 5, 26087),
(43, 6, 29782),
(43, 7, 5112),
(43, 8, 11887),
(43, 9, 9313),
(43, 10, 7735),
(43, 11, 23206),
(43, 12, 12471),
(43, 13, 12505),
(43, 14, 31779),
(43, 15, 32545),
(43, 16, 12226),
(43, 17, 30846),
(43, 18, 14366),
(43, 19, 28339),
(43, 20, 25033),
(43, 21, 7803),
(43, 22, 22328),
(43, 23, 3703),
(43, 24, 31362),
(43, 25, 7800),
(43, 26, 25092),
(43, 27, 4614),
(43, 28, 14138),
(43, 29, 30819),
(43, 30, 29004),
(43, 31, 9555),
(43, 32, 28964),
(43, 33, 18800),
(43, 34, 29443),
(43, 35, 28116),
(43, 36, 10737),
(43, 37, 30302),
(43, 38, 15227),
(43, 39, 9955),
(43, 40, 18080),
(43, 41, 19197),
(43, 42, 14041),
(43, 43, 23907),
(43, 44, 27800),
(43, 45, 13037),
(43, 46, 20165),
(43, 47, 3750),
(43, 48, 13556),
(43, 49, 28584),
(43, 50, 22630),
(43, 51, 11918),
(43, 52, 10782),
(43, 53, 28610),
(43, 54, 7821),
(43, 55, 22771),
(43, 56, 17311),
(43, 57, 11120),
(43, 58, 23600),
(43, 59, 12869),
(43, 60, 21557),
(43, 61, 10824),
(43, 62, 15131),
(43, 63, 15219),
(43, 64, 7718),
(43, 65, 5703),
(43, 66, 10978),
(43, 67, 7435),
(43, 68, 469),
(43, 69, 24),
(43, 70, 9242),
(43, 71, 11682),
(43, 72, 31379),
(43, 73, 14483),
(43, 74, 11208),
(43, 75, 14198),
(43, 76, 23991),
(43, 77, 25477),
(43, 78, 11034),
(43, 79, 16722),
(43, 80, 4081),
(43, 81, 10159),
(43, 82, 28501),
(43, 83, 24242),
(43, 84, 9435),
(43, 85, 8209),
(43, 86, 26127),
(43, 87, 19240),
(43, 88, 7377),
(43, 89, 29288),
(43, 90, 27038),
(43, 91, 21758),
(43, 92, 13571),
(43, 93, 12021),
(43, 94, 12752),
(43, 95, 23325),
(43, 96, 32200),
(43, 97, 23936),
(43, 98, 15581),
(43, 99, 25133),
(43, 100, 11062),
(44, 1, 23453),
(44, 2, 17561),
(44, 3, 1278),
(44, 4, 21487),
(44, 5, 28718),
(44, 6, 5102),
(44, 7, 17447),
(44, 8, 4669),
(44, 9, 14377),
(44, 10, 20618),
(44, 11, 30957),
(44, 12, 15202),
(44, 13, 20635),
(44, 14, 3285),
(44, 15, 28518),
(44, 16, 8489),
(44, 17, 25069),
(44, 18, 13862),
(44, 19, 27614),
(44, 20, 4545),
(44, 21, 28774),
(44, 22, 13110),
(44, 23, 8057),
(44, 24, 2507),
(44, 25, 5618),
(44, 26, 18133),
(44, 27, 20506),
(44, 28, 19634),
(44, 29, 2338),
(44, 30, 2779),
(44, 31, 14212),
(44, 32, 22331),
(44, 33, 5491),
(44, 34, 5986),
(44, 35, 23999),
(44, 36, 24669),
(44, 37, 26835),
(44, 38, 10802),
(44, 39, 29374),
(44, 40, 23634),
(44, 41, 23137),
(44, 42, 25213),
(44, 43, 27454),
(44, 44, 13806),
(44, 45, 3701),
(44, 46, 25805),
(44, 47, 25841),
(44, 48, 12848),
(44, 49, 7136),
(44, 50, 31546),
(44, 51, 5596),
(44, 52, 12823),
(44, 53, 5749),
(44, 54, 1504),
(44, 55, 19197),
(44, 56, 18102),
(44, 57, 8904),
(44, 58, 20368),
(44, 59, 14898),
(44, 60, 19339),
(44, 61, 30517),
(44, 62, 6854),
(44, 63, 11094),
(44, 64, 31501),
(44, 65, 28196),
(44, 66, 31451),
(44, 67, 15533),
(44, 68, 12676),
(44, 69, 3468),
(44, 70, 19836),
(44, 71, 18050),
(44, 72, 21021),
(44, 73, 10166),
(44, 74, 26715),
(44, 75, 8718),
(44, 76, 574),
(44, 77, 31044),
(44, 78, 20260),
(44, 79, 22428),
(44, 80, 12055),
(44, 81, 26737),
(44, 82, 1459),
(44, 83, 30699),
(44, 84, 4474),
(44, 85, 18842),
(44, 86, 21124),
(44, 87, 9428),
(44, 88, 9196),
(44, 89, 19710),
(44, 90, 1387),
(44, 91, 3372),
(44, 92, 16124),
(44, 93, 31170),
(44, 94, 5765),
(44, 95, 24556),
(44, 96, 20435),
(44, 97, 23096),
(44, 98, 12654),
(44, 99, 31375),
(44, 100, 23821),
(45, 1, 15712),
(45, 2, 180),
(45, 3, 22204),
(45, 4, 19911),
(45, 5, 12719),
(45, 6, 19852),
(45, 7, 31525),
(45, 8, 9977),
(45, 9, 7440),
(45, 10, 18372),
(45, 11, 29615),
(45, 12, 13063),
(45, 13, 5673),
(45, 14, 2553),
(45, 15, 5331),
(45, 16, 18322),
(45, 17, 25311),
(45, 18, 11786),
(45, 19, 3652),
(45, 20, 7572),
(45, 21, 16412),
(45, 22, 1484),
(45, 23, 4306),
(45, 24, 28588),
(45, 25, 22223),
(45, 26, 19456),
(45, 27, 2958),
(45, 28, 21174),
(45, 29, 565),
(45, 30, 24962),
(45, 31, 17455),
(45, 32, 31903),
(45, 33, 19288),
(45, 34, 27331),
(45, 35, 20148),
(45, 36, 28023),
(45, 37, 15829),
(45, 38, 24952),
(45, 39, 10315),
(45, 40, 11976),
(45, 41, 31201),
(45, 42, 28308),
(45, 43, 31090),
(45, 44, 7463),
(45, 45, 10126),
(45, 46, 8308),
(45, 47, 17244),
(45, 48, 28680),
(45, 49, 12107),
(45, 50, 20826),
(45, 51, 31894),
(45, 52, 29655),
(45, 53, 23466),
(45, 54, 21021),
(45, 55, 24810),
(45, 56, 10820),
(45, 57, 18535),
(45, 58, 11551),
(45, 59, 30852),
(45, 60, 17630),
(45, 61, 17061),
(45, 62, 5502),
(45, 63, 6739),
(45, 64, 11747),
(45, 65, 32378),
(45, 66, 22159),
(45, 67, 28082),
(45, 68, 4950),
(45, 69, 17838),
(45, 70, 22408),
(45, 71, 12104),
(45, 72, 10323),
(45, 73, 960),
(45, 74, 1916),
(45, 75, 15660),
(45, 76, 4256),
(45, 77, 21290),
(45, 78, 17805),
(45, 79, 11853),
(45, 80, 10884),
(45, 81, 28646),
(45, 82, 6493),
(45, 83, 30994),
(45, 84, 10972),
(45, 85, 13105),
(45, 86, 20421),
(45, 87, 27965),
(45, 88, 16235),
(45, 89, 31887),
(45, 90, 20426),
(45, 91, 1301),
(45, 92, 11122),
(45, 93, 11279),
(45, 94, 15308),
(45, 95, 20932),
(45, 96, 4736),
(45, 97, 4560),
(45, 98, 13057),
(45, 99, 1790),
(45, 100, 25996),
(46, 1, 30404),
(46, 2, 18210),
(46, 3, 27107),
(46, 4, 9793),
(46, 5, 8884),
(46, 6, 31332),
(46, 7, 10023),
(46, 8, 29849),
(46, 9, 901),
(46, 10, 22954),
(46, 11, 21616),
(46, 12, 6829),
(46, 13, 22969),
(46, 14, 1785),
(46, 15, 8447),
(46, 16, 2764),
(46, 17, 3641),
(46, 18, 18476),
(46, 19, 31123),
(46, 20, 970),
(46, 21, 5457),
(46, 22, 28137),
(46, 23, 9098),
(46, 24, 20378),
(46, 25, 764),
(46, 26, 9939),
(46, 27, 4938),
(46, 28, 20511),
(46, 29, 13410),
(46, 30, 4865),
(46, 31, 479),
(46, 32, 20032),
(46, 33, 12959),
(46, 34, 11184),
(46, 35, 1509),
(46, 36, 16187),
(46, 37, 12998),
(46, 38, 21300),
(46, 39, 13225),
(46, 40, 29755),
(46, 41, 22309),
(46, 42, 8501),
(46, 43, 2187),
(46, 44, 26668),
(46, 45, 5579),
(46, 46, 16151),
(46, 47, 9639),
(46, 48, 8142),
(46, 49, 26696),
(46, 50, 26810),
(46, 51, 7604),
(46, 52, 20488),
(46, 53, 10420),
(46, 54, 25956),
(46, 55, 23083),
(46, 56, 16000),
(46, 57, 16371),
(46, 58, 3323),
(46, 59, 23468),
(46, 60, 4200),
(46, 61, 2358),
(46, 62, 11640),
(46, 63, 22943),
(46, 64, 31643),
(46, 65, 3781),
(46, 66, 25752),
(46, 67, 1303),
(46, 68, 3560),
(46, 69, 1021),
(46, 70, 16852),
(46, 71, 29435),
(46, 72, 32429),
(46, 73, 8340),
(46, 74, 17556),
(46, 75, 29031),
(46, 76, 16040),
(46, 77, 16677),
(46, 78, 2720),
(46, 79, 19536),
(46, 80, 14859),
(46, 81, 28904),
(46, 82, 17111),
(46, 83, 17767),
(46, 84, 206),
(46, 85, 16576),
(46, 86, 14371),
(46, 87, 17216),
(46, 88, 18761),
(46, 89, 3964),
(46, 90, 2220),
(46, 91, 31668),
(46, 92, 258),
(46, 93, 10070),
(46, 94, 23884),
(46, 95, 7556),
(46, 96, 24516),
(46, 97, 21696),
(46, 98, 13636),
(46, 99, 15678),
(46, 100, 12529),
(47, 1, 23137),
(47, 2, 6701),
(47, 3, 2405),
(47, 4, 18200),
(47, 5, 26202),
(47, 6, 20529),
(47, 7, 2508),
(47, 8, 19914),
(47, 9, 27853),
(47, 10, 22138),
(47, 11, 28227),
(47, 12, 28074),
(47, 13, 2976),
(47, 14, 19435),
(47, 15, 12405),
(47, 16, 30404),
(47, 17, 23422),
(47, 18, 3086),
(47, 19, 3345),
(47, 20, 1312),
(47, 21, 21023),
(47, 22, 6222),
(47, 23, 6184),
(47, 24, 21398),
(47, 25, 6602),
(47, 26, 8551),
(47, 27, 28887),
(47, 28, 12515),
(47, 29, 536),
(47, 30, 17690),
(47, 31, 22565),
(47, 32, 19197),
(47, 33, 28154),
(47, 34, 21541),
(47, 35, 12078),
(47, 36, 17572),
(47, 37, 25341),
(47, 38, 13426),
(47, 39, 8322),
(47, 40, 18746),
(47, 41, 7629),
(47, 42, 13199),
(47, 43, 30920),
(47, 44, 4820),
(47, 45, 20472),
(47, 46, 23902),
(47, 47, 29351),
(47, 48, 5777),
(47, 49, 27381),
(47, 50, 11022),
(47, 51, 31206),
(47, 52, 19243),
(47, 53, 7269),
(47, 54, 7753),
(47, 55, 10705),
(47, 56, 15819),
(47, 57, 24472),
(47, 58, 7343),
(47, 59, 2783),
(47, 60, 26914),
(47, 61, 18515),
(47, 62, 8068),
(47, 63, 21395),
(47, 64, 693),
(47, 65, 27345),
(47, 66, 2981),
(47, 67, 12448),
(47, 68, 12920),
(47, 69, 1287),
(47, 70, 17857),
(47, 71, 22608),
(47, 72, 26783),
(47, 73, 19757),
(47, 74, 22213),
(47, 75, 27942),
(47, 76, 17841),
(47, 77, 2425),
(47, 78, 13464),
(47, 79, 29635),
(47, 80, 18654),
(47, 81, 21806),
(47, 82, 777),
(47, 83, 24582),
(47, 84, 14482),
(47, 85, 14037),
(47, 86, 24838),
(47, 87, 32119),
(47, 88, 31050),
(47, 89, 27594),
(47, 90, 5646),
(47, 91, 14054),
(47, 92, 18087),
(47, 93, 3323),
(47, 94, 13288),
(47, 95, 335),
(47, 96, 704),
(47, 97, 28909),
(47, 98, 150),
(47, 99, 28161),
(47, 100, 4029),
(48, 1, 28416),
(48, 2, 15493),
(48, 3, 10239),
(48, 4, 26530),
(48, 5, 26611),
(48, 6, 6406),
(48, 7, 24743),
(48, 8, 26216),
(48, 9, 14250),
(48, 10, 29442),
(48, 11, 28561),
(48, 12, 31314),
(48, 13, 29743),
(48, 14, 9704),
(48, 15, 10682),
(48, 16, 11902),
(48, 17, 7672),
(48, 18, 2795),
(48, 19, 13282),
(48, 20, 17339),
(48, 21, 9576),
(48, 22, 30827),
(48, 23, 21554),
(48, 24, 19354),
(48, 25, 27031),
(48, 26, 21936),
(48, 27, 1826),
(48, 28, 31176),
(48, 29, 5206),
(48, 30, 5854),
(48, 31, 23450),
(48, 32, 8090),
(48, 33, 30574),
(48, 34, 13605),
(48, 35, 23127),
(48, 36, 1514),
(48, 37, 20265),
(48, 38, 30521),
(48, 39, 31889),
(48, 40, 6434),
(48, 41, 3604),
(48, 42, 7682),
(48, 43, 30171),
(48, 44, 7062),
(48, 45, 5634),
(48, 46, 18836),
(48, 47, 21834),
(48, 48, 21015),
(48, 49, 596),
(48, 50, 10849),
(48, 51, 16857),
(48, 52, 24260),
(48, 53, 26488),
(48, 54, 21165),
(48, 55, 22028),
(48, 56, 15908),
(48, 57, 11184),
(48, 58, 15427),
(48, 59, 24276),
(48, 60, 6770),
(48, 61, 23829),
(48, 62, 22119),
(48, 63, 435),
(48, 64, 26936),
(48, 65, 10459),
(48, 66, 12299),
(48, 67, 3616),
(48, 68, 1824),
(48, 69, 22486),
(48, 70, 4678),
(48, 71, 32301),
(48, 72, 17926),
(48, 73, 29757),
(48, 74, 7937),
(48, 75, 27239),
(48, 76, 8529),
(48, 77, 31919),
(48, 78, 18420),
(48, 79, 29950),
(48, 80, 3204),
(48, 81, 18547),
(48, 82, 12753),
(48, 83, 28710),
(48, 84, 4112),
(48, 85, 260),
(48, 86, 22462),
(48, 87, 17340),
(48, 88, 10349),
(48, 89, 21709),
(48, 90, 777),
(48, 91, 22061),
(48, 92, 7016),
(48, 93, 18225),
(48, 94, 27415),
(48, 95, 31892),
(48, 96, 14271),
(48, 97, 16846),
(48, 98, 4510),
(48, 99, 13858),
(48, 100, 13035),
(49, 1, 19203),
(49, 2, 12052),
(49, 3, 14019),
(49, 4, 6461),
(49, 5, 1455),
(49, 6, 17256),
(49, 7, 1278),
(49, 8, 1068),
(49, 9, 24124),
(49, 10, 7919),
(49, 11, 12061),
(49, 12, 2798),
(49, 13, 2269),
(49, 14, 30625),
(49, 15, 23439),
(49, 16, 8517),
(49, 17, 13587),
(49, 18, 24197),
(49, 19, 14474),
(49, 20, 22684),
(49, 21, 6774),
(49, 22, 10602),
(49, 23, 3829),
(49, 24, 14162),
(49, 25, 17074),
(49, 26, 9432),
(49, 27, 31876),
(49, 28, 6742),
(49, 29, 13520),
(49, 30, 8774),
(49, 31, 6437),
(49, 32, 21748),
(49, 33, 26039),
(49, 34, 13965),
(49, 35, 2971),
(49, 36, 750),
(49, 37, 4594),
(49, 38, 15517),
(49, 39, 20840),
(49, 40, 16591),
(49, 41, 25779),
(49, 42, 28783),
(49, 43, 15857),
(49, 44, 15996),
(49, 45, 4120),
(49, 46, 13883),
(49, 47, 29917),
(49, 48, 24588),
(49, 49, 15022),
(49, 50, 25066),
(49, 51, 25534),
(49, 52, 24793),
(49, 53, 26164),
(49, 54, 4814),
(49, 55, 32499),
(49, 56, 11479),
(49, 57, 13217),
(49, 58, 30609),
(49, 59, 17869),
(49, 60, 25637),
(49, 61, 10344),
(49, 62, 3691),
(49, 63, 20976),
(49, 64, 15586),
(49, 65, 22778),
(49, 66, 13720),
(49, 67, 30204),
(49, 68, 14146),
(49, 69, 7308),
(49, 70, 8202),
(49, 71, 12141),
(49, 72, 22497),
(49, 73, 11803),
(49, 74, 603),
(49, 75, 28608),
(49, 76, 23639),
(49, 77, 24238),
(49, 78, 3077),
(49, 79, 216),
(49, 80, 7692),
(49, 81, 15580),
(49, 82, 213),
(49, 83, 2207),
(49, 84, 5966),
(49, 85, 21901),
(49, 86, 1693),
(49, 87, 28656),
(49, 88, 16032),
(49, 89, 29189),
(49, 90, 31530),
(49, 91, 12469),
(49, 92, 11349),
(49, 93, 30494),
(49, 94, 26229),
(49, 95, 20300),
(49, 96, 15966),
(49, 97, 18900),
(49, 98, 23837),
(49, 99, 816),
(49, 100, 11873),
(50, 1, 23815),
(50, 2, 26389),
(50, 3, 21205),
(50, 4, 19979),
(50, 5, 19581),
(50, 6, 16026),
(50, 7, 9939),
(50, 8, 23974),
(50, 9, 10535),
(50, 10, 31593),
(50, 11, 6215),
(50, 12, 12526),
(50, 13, 23205),
(50, 14, 32302),
(50, 15, 32374),
(50, 16, 5664),
(50, 17, 14859),
(50, 18, 12351),
(50, 19, 32692),
(50, 20, 13141),
(50, 21, 18918),
(50, 22, 27530),
(50, 23, 10629),
(50, 24, 19982),
(50, 25, 12154),
(50, 26, 7885),
(50, 27, 21505),
(50, 28, 12560),
(50, 29, 20814),
(50, 30, 517),
(50, 31, 21629),
(50, 32, 9330),
(50, 33, 16107),
(50, 34, 28456),
(50, 35, 17255),
(50, 36, 11252),
(50, 37, 17888),
(50, 38, 13078),
(50, 39, 22898),
(50, 40, 32658),
(50, 41, 22537),
(50, 42, 27341),
(50, 43, 10227),
(50, 44, 29273),
(50, 45, 10001),
(50, 46, 16605),
(50, 47, 12427),
(50, 48, 15226),
(50, 49, 6454),
(50, 50, 7965),
(50, 51, 8199),
(50, 52, 21917),
(50, 53, 31564),
(50, 54, 10395),
(50, 55, 12420),
(50, 56, 26743),
(50, 57, 5125),
(50, 58, 4057),
(50, 59, 30423),
(50, 60, 28831),
(50, 61, 31855),
(50, 62, 7478),
(50, 63, 7980),
(50, 64, 6557),
(50, 65, 25022),
(50, 66, 31146),
(50, 67, 23788),
(50, 68, 32324),
(50, 69, 5196),
(50, 70, 4534),
(50, 71, 4581),
(50, 72, 17219),
(50, 73, 2014),
(50, 74, 9371),
(50, 75, 28837),
(50, 76, 16374),
(50, 77, 10537),
(50, 78, 21451),
(50, 79, 7718),
(50, 80, 10626),
(50, 81, 11413),
(50, 82, 18077),
(50, 83, 5809),
(50, 84, 29728),
(50, 85, 14912),
(50, 86, 13892),
(50, 87, 23036),
(50, 88, 24249),
(50, 89, 6982),
(50, 90, 30210),
(50, 91, 8854),
(50, 92, 23732),
(50, 93, 19520),
(50, 94, 19353),
(50, 95, 11396),
(50, 96, 21004),
(50, 97, 6410),
(50, 98, 11267),
(50, 99, 20269),
(50, 100, 21925)
INSERT ProductCost (ProductID, ShopID, Cost)VALUES
(51, 1, 9674),
(51, 2, 12386),
(51, 3, 28275),
(51, 4, 28128),
(51, 5, 2349),
(51, 6, 22330),
(51, 7, 1827),
(51, 8, 31597),
(51, 9, 23540),
(51, 10, 26078),
(51, 11, 23183),
(51, 12, 18016),
(51, 13, 25008),
(51, 14, 32296),
(51, 15, 32121),
(51, 16, 24967),
(51, 17, 11977),
(51, 18, 15469),
(51, 19, 20019),
(51, 20, 22523),
(51, 21, 28613),
(51, 22, 29104),
(51, 23, 5637),
(51, 24, 22774),
(51, 25, 13767),
(51, 26, 19990),
(51, 27, 22991),
(51, 28, 21988),
(51, 29, 27734),
(51, 30, 3994),
(51, 31, 7663),
(51, 32, 18109),
(51, 33, 23648),
(51, 34, 2306),
(51, 35, 8549),
(51, 36, 2193),
(51, 37, 24703),
(51, 38, 5394),
(51, 39, 21557),
(51, 40, 2661),
(51, 41, 11898),
(51, 42, 18943),
(51, 43, 3341),
(51, 44, 15421),
(51, 45, 23055),
(51, 46, 295),
(51, 47, 16936),
(51, 48, 29818),
(51, 49, 29936),
(51, 50, 1790),
(51, 51, 18802),
(51, 52, 16230),
(51, 53, 28683),
(51, 54, 1868),
(51, 55, 25581),
(51, 56, 19726),
(51, 57, 8718),
(51, 58, 2454),
(51, 59, 6227),
(51, 60, 29008),
(51, 61, 5931),
(51, 62, 4569),
(51, 63, 8445),
(51, 64, 27188),
(51, 65, 3609),
(51, 66, 14719),
(51, 67, 28931),
(51, 68, 24704),
(51, 69, 18011),
(51, 70, 21643),
(51, 71, 5285),
(51, 72, 22150),
(51, 73, 964),
(51, 74, 30487),
(51, 75, 28906),
(51, 76, 31041),
(51, 77, 27451),
(51, 78, 28416),
(51, 79, 9862),
(51, 80, 1952),
(51, 81, 7356),
(51, 82, 1504),
(51, 83, 7169),
(51, 84, 17442),
(51, 85, 11935),
(51, 86, 7996),
(51, 87, 29462),
(51, 88, 9379),
(51, 89, 28189),
(51, 90, 1791),
(51, 91, 27994),
(51, 92, 13430),
(51, 93, 2320),
(51, 94, 1063),
(51, 95, 1054),
(51, 96, 23731),
(51, 97, 1274),
(51, 98, 959),
(51, 99, 14229),
(51, 100, 1746),
(52, 1, 10057),
(52, 2, 28685),
(52, 3, 22842),
(52, 4, 19833),
(52, 5, 13017),
(52, 6, 2060),
(52, 7, 21868),
(52, 8, 12179),
(52, 9, 7867),
(52, 10, 19229),
(52, 11, 16475),
(52, 12, 31138),
(52, 13, 10805),
(52, 14, 19705),
(52, 15, 10792),
(52, 16, 22870),
(52, 17, 29193),
(52, 18, 1514),
(52, 19, 32328),
(52, 20, 20318),
(52, 21, 27386),
(52, 22, 29499),
(52, 23, 29226),
(52, 24, 29566),
(52, 25, 25997),
(52, 26, 7148),
(52, 27, 18201),
(52, 28, 16098),
(52, 29, 32525),
(52, 30, 19883),
(52, 31, 25443),
(52, 32, 20658),
(52, 33, 9169),
(52, 34, 9728),
(52, 35, 1723),
(52, 36, 24806),
(52, 37, 1730),
(52, 38, 15304),
(52, 39, 7644),
(52, 40, 21852),
(52, 41, 12823),
(52, 42, 31972),
(52, 43, 31087),
(52, 44, 11559),
(52, 45, 5475),
(52, 46, 5170),
(52, 47, 27695),
(52, 48, 13867),
(52, 49, 13522),
(52, 50, 27580),
(52, 51, 5195),
(52, 52, 16615),
(52, 53, 23983),
(52, 54, 7984),
(52, 55, 21515),
(52, 56, 18065),
(52, 57, 1066),
(52, 58, 29329),
(52, 59, 15799),
(52, 60, 13672),
(52, 61, 11865),
(52, 62, 8491),
(52, 63, 30389),
(52, 64, 22342),
(52, 65, 4220),
(52, 66, 6348),
(52, 67, 22001),
(52, 68, 1652),
(52, 69, 16005),
(52, 70, 30001),
(52, 71, 16770),
(52, 72, 9411),
(52, 73, 5848),
(52, 74, 20415),
(52, 75, 3978),
(52, 76, 2264),
(52, 77, 19023),
(52, 78, 14196),
(52, 79, 28253),
(52, 80, 21960),
(52, 81, 9601),
(52, 82, 25884),
(52, 83, 6118),
(52, 84, 28901),
(52, 85, 32580),
(52, 86, 32712),
(52, 87, 21575),
(52, 88, 2519),
(52, 89, 28784),
(52, 90, 1404),
(52, 91, 4032),
(52, 92, 26862),
(52, 93, 14566),
(52, 94, 11304),
(52, 95, 2002),
(52, 96, 30646),
(52, 97, 30161),
(52, 98, 20185),
(52, 99, 21412),
(52, 100, 14284),
(53, 1, 3372),
(53, 2, 15153),
(53, 3, 19365),
(53, 4, 7153),
(53, 5, 29317),
(53, 6, 29461),
(53, 7, 5235),
(53, 8, 30557),
(53, 9, 10496),
(53, 10, 13989),
(53, 11, 20732),
(53, 12, 30549),
(53, 13, 9886),
(53, 14, 27249),
(53, 15, 16355),
(53, 16, 23296),
(53, 17, 31935),
(53, 18, 11753),
(53, 19, 18469),
(53, 20, 23927),
(53, 21, 27110),
(53, 22, 13846),
(53, 23, 14588),
(53, 24, 1563),
(53, 25, 14525),
(53, 26, 16520),
(53, 27, 16643),
(53, 28, 21291),
(53, 29, 4185),
(53, 30, 12944),
(53, 31, 24731),
(53, 32, 29334),
(53, 33, 6590),
(53, 34, 14511),
(53, 35, 23438),
(53, 36, 32013),
(53, 37, 7846),
(53, 38, 31309),
(53, 39, 28147),
(53, 40, 26461),
(53, 41, 1406),
(53, 42, 13742),
(53, 43, 18514),
(53, 44, 7676),
(53, 45, 20146),
(53, 46, 22563),
(53, 47, 5896),
(53, 48, 32481),
(53, 49, 30506),
(53, 50, 26237),
(53, 51, 6380),
(53, 52, 9625),
(53, 53, 25621),
(53, 54, 18887),
(53, 55, 2354),
(53, 56, 15768),
(53, 57, 15333),
(53, 58, 21557),
(53, 59, 24720),
(53, 60, 20173),
(53, 61, 20634),
(53, 62, 4695),
(53, 63, 12704),
(53, 64, 14457),
(53, 65, 32580),
(53, 66, 15506),
(53, 67, 9350),
(53, 68, 20032),
(53, 69, 10435),
(53, 70, 23761),
(53, 71, 21970),
(53, 72, 19329),
(53, 73, 10194),
(53, 74, 31864),
(53, 75, 7336),
(53, 76, 4323),
(53, 77, 26692),
(53, 78, 28314),
(53, 79, 31774),
(53, 80, 24624),
(53, 81, 908),
(53, 82, 2667),
(53, 83, 17381),
(53, 84, 2663),
(53, 85, 1667),
(53, 86, 27128),
(53, 87, 9260),
(53, 88, 17420),
(53, 89, 17510),
(53, 90, 277),
(53, 91, 14529),
(53, 92, 5059),
(53, 93, 23326),
(53, 94, 8343),
(53, 95, 20345),
(53, 96, 3869),
(53, 97, 19653),
(53, 98, 14788),
(53, 99, 28115),
(53, 100, 22962),
(54, 1, 21093),
(54, 2, 30216),
(54, 3, 23000),
(54, 4, 6768),
(54, 5, 19459),
(54, 6, 30442),
(54, 7, 10821),
(54, 8, 23346),
(54, 9, 29148),
(54, 10, 21053),
(54, 11, 8684),
(54, 12, 1684),
(54, 13, 10990),
(54, 14, 7835),
(54, 15, 23128),
(54, 16, 30726),
(54, 17, 11450),
(54, 18, 9231),
(54, 19, 432),
(54, 20, 21024),
(54, 21, 18505),
(54, 22, 1298),
(54, 23, 12253),
(54, 24, 3894),
(54, 25, 2157),
(54, 26, 29625),
(54, 27, 5871),
(54, 28, 43),
(54, 29, 1353),
(54, 30, 18220),
(54, 31, 4797),
(54, 32, 11658),
(54, 33, 4371),
(54, 34, 1370),
(54, 35, 23500),
(54, 36, 20178),
(54, 37, 8729),
(54, 38, 13547),
(54, 39, 24947),
(54, 40, 19474),
(54, 41, 7682),
(54, 42, 2934),
(54, 43, 3900),
(54, 44, 32182),
(54, 45, 27223),
(54, 46, 19445),
(54, 47, 396),
(54, 48, 7841),
(54, 49, 26178),
(54, 50, 26998),
(54, 51, 28039),
(54, 52, 9340),
(54, 53, 12693),
(54, 54, 16915),
(54, 55, 16430),
(54, 56, 29261),
(54, 57, 25869),
(54, 58, 1571),
(54, 59, 14538),
(54, 60, 6475),
(54, 61, 8153),
(54, 62, 8114),
(54, 63, 654),
(54, 64, 7153),
(54, 65, 3670),
(54, 66, 11823),
(54, 67, 4472),
(54, 68, 26449),
(54, 69, 19997),
(54, 70, 27237),
(54, 71, 18040),
(54, 72, 30379),
(54, 73, 21311),
(54, 74, 1709),
(54, 75, 7892),
(54, 76, 21822),
(54, 77, 13007),
(54, 78, 24417),
(54, 79, 29387),
(54, 80, 29278),
(54, 81, 30369),
(54, 82, 3987),
(54, 83, 1913),
(54, 84, 31687),
(54, 85, 24146),
(54, 86, 15871),
(54, 87, 30714),
(54, 88, 12849),
(54, 89, 12680),
(54, 90, 13887),
(54, 91, 14802),
(54, 92, 27684),
(54, 93, 1915),
(54, 94, 8766),
(54, 95, 16524),
(54, 96, 15118),
(54, 97, 10165),
(54, 98, 30703),
(54, 99, 1186),
(54, 100, 26259),
(55, 1, 26646),
(55, 2, 28479),
(55, 3, 29085),
(55, 4, 12836),
(55, 5, 11290),
(55, 6, 5192),
(55, 7, 32637),
(55, 8, 8403),
(55, 9, 26975),
(55, 10, 18887),
(55, 11, 31579),
(55, 12, 11109),
(55, 13, 21857),
(55, 14, 20432),
(55, 15, 17229),
(55, 16, 7337),
(55, 17, 8328),
(55, 18, 8896),
(55, 19, 31114),
(55, 20, 2057),
(55, 21, 25190),
(55, 22, 18036),
(55, 23, 29391),
(55, 24, 3679),
(55, 25, 6969),
(55, 26, 20920),
(55, 27, 25601),
(55, 28, 25866),
(55, 29, 28344),
(55, 30, 19970),
(55, 31, 4883),
(55, 32, 21312),
(55, 33, 31756),
(55, 34, 16225),
(55, 35, 3882),
(55, 36, 6565),
(55, 37, 30492),
(55, 38, 26800),
(55, 39, 13311),
(55, 40, 30749),
(55, 41, 26381),
(55, 42, 8207),
(55, 43, 31877),
(55, 44, 17887),
(55, 45, 11785),
(55, 46, 18324),
(55, 47, 26829),
(55, 48, 20428),
(55, 49, 15936),
(55, 50, 15933),
(55, 51, 31526),
(55, 52, 28926),
(55, 53, 8237),
(55, 54, 23849),
(55, 55, 4232),
(55, 56, 6563),
(55, 57, 11803),
(55, 58, 21768),
(55, 59, 6195),
(55, 60, 14348),
(55, 61, 10471),
(55, 62, 32721),
(55, 63, 28307),
(55, 64, 14337),
(55, 65, 2567),
(55, 66, 31411),
(55, 67, 24423),
(55, 68, 3160),
(55, 69, 14027),
(55, 70, 7245),
(55, 71, 4898),
(55, 72, 30406),
(55, 73, 30947),
(55, 74, 6945),
(55, 75, 27537),
(55, 76, 500),
(55, 77, 24610),
(55, 78, 30790),
(55, 79, 5055),
(55, 80, 25045),
(55, 81, 29058),
(55, 82, 606),
(55, 83, 18198),
(55, 84, 11832),
(55, 85, 18279),
(55, 86, 1224),
(55, 87, 5062),
(55, 88, 11161),
(55, 89, 1832),
(55, 90, 30487),
(55, 91, 7275),
(55, 92, 5693),
(55, 93, 20427),
(55, 94, 16578),
(55, 95, 7402),
(55, 96, 9086),
(55, 97, 1552),
(55, 98, 25884),
(55, 99, 13979),
(55, 100, 11619),
(56, 1, 8626),
(56, 2, 11143),
(56, 3, 18350),
(56, 4, 15475),
(56, 5, 24553),
(56, 6, 6117),
(56, 7, 20935),
(56, 8, 25547),
(56, 9, 32563),
(56, 10, 18256),
(56, 11, 13292),
(56, 12, 9071),
(56, 13, 26708),
(56, 14, 1291),
(56, 15, 15265),
(56, 16, 17630),
(56, 17, 26779),
(56, 18, 11192),
(56, 19, 20817),
(56, 20, 26089),
(56, 21, 24936),
(56, 22, 9931),
(56, 23, 17392),
(56, 24, 9668),
(56, 25, 4331),
(56, 26, 10302),
(56, 27, 30687),
(56, 28, 10334),
(56, 29, 22574),
(56, 30, 26247),
(56, 31, 32016),
(56, 32, 25582),
(56, 33, 8790),
(56, 34, 30407),
(56, 35, 20586),
(56, 36, 27854),
(56, 37, 20774),
(56, 38, 5956),
(56, 39, 19567),
(56, 40, 13197),
(56, 41, 21188),
(56, 42, 32281),
(56, 43, 3356),
(56, 44, 26944),
(56, 45, 17600),
(56, 46, 44),
(56, 47, 19216),
(56, 48, 32280),
(56, 49, 18514),
(56, 50, 9313),
(56, 51, 29169),
(56, 52, 28218),
(56, 53, 27619),
(56, 54, 30477),
(56, 55, 30220),
(56, 56, 20682),
(56, 57, 19919),
(56, 58, 12718),
(56, 59, 11579),
(56, 60, 23881),
(56, 61, 23658),
(56, 62, 2777),
(56, 63, 12044),
(56, 64, 23330),
(56, 65, 22337),
(56, 66, 17011),
(56, 67, 31),
(56, 68, 12159),
(56, 69, 30114),
(56, 70, 15908),
(56, 71, 3280),
(56, 72, 32097),
(56, 73, 22110),
(56, 74, 18953),
(56, 75, 14102),
(56, 76, 3056),
(56, 77, 7373),
(56, 78, 20905),
(56, 79, 31659),
(56, 80, 26384),
(56, 81, 24339),
(56, 82, 9515),
(56, 83, 29294),
(56, 84, 28212),
(56, 85, 18850),
(56, 86, 7878),
(56, 87, 11781),
(56, 88, 17783),
(56, 89, 7168),
(56, 90, 15480),
(56, 91, 16070),
(56, 92, 23785),
(56, 93, 25291),
(56, 94, 507),
(56, 95, 23768),
(56, 96, 550),
(56, 97, 4858),
(56, 98, 14069),
(56, 99, 32149),
(56, 100, 12334),
(57, 1, 27237),
(57, 2, 21871),
(57, 3, 22579),
(57, 4, 4464),
(57, 5, 14728),
(57, 6, 15496),
(57, 7, 7588),
(57, 8, 26664),
(57, 9, 31363),
(57, 10, 31594),
(57, 11, 26554),
(57, 12, 20715),
(57, 13, 22886),
(57, 14, 18558),
(57, 15, 9103),
(57, 16, 4992),
(57, 17, 4524),
(57, 18, 30940),
(57, 19, 31524),
(57, 20, 30194),
(57, 21, 17669),
(57, 22, 3078),
(57, 23, 584),
(57, 24, 17891),
(57, 25, 12121),
(57, 26, 8149),
(57, 27, 10940),
(57, 28, 3107),
(57, 29, 23561),
(57, 30, 24755),
(57, 31, 17300),
(57, 32, 7810),
(57, 33, 16504),
(57, 34, 18955),
(57, 35, 2016),
(57, 36, 994),
(57, 37, 24522),
(57, 38, 19198),
(57, 39, 140),
(57, 40, 24208),
(57, 41, 23531),
(57, 42, 9048),
(57, 43, 15749),
(57, 44, 20692),
(57, 45, 6099),
(57, 46, 3266),
(57, 47, 10781),
(57, 48, 4038),
(57, 49, 20233),
(57, 50, 1081),
(57, 51, 177),
(57, 52, 6244),
(57, 53, 18022),
(57, 54, 18366),
(57, 55, 8585),
(57, 56, 15074),
(57, 57, 31260),
(57, 58, 23631),
(57, 59, 20735),
(57, 60, 28737),
(57, 61, 27895),
(57, 62, 12311),
(57, 63, 8420),
(57, 64, 11811),
(57, 65, 31970),
(57, 66, 11490),
(57, 67, 2335),
(57, 68, 11486),
(57, 69, 24748),
(57, 70, 20179),
(57, 71, 29591),
(57, 72, 21455),
(57, 73, 13068),
(57, 74, 4953),
(57, 75, 16212),
(57, 76, 16369),
(57, 77, 12003),
(57, 78, 21599),
(57, 79, 32481),
(57, 80, 6317),
(57, 81, 194),
(57, 82, 25539),
(57, 83, 30196),
(57, 84, 9972),
(57, 85, 20908),
(57, 86, 31498),
(57, 87, 6736),
(57, 88, 25228),
(57, 89, 28445),
(57, 90, 21330),
(57, 91, 7147),
(57, 92, 27047),
(57, 93, 13386),
(57, 94, 31111),
(57, 95, 14412),
(57, 96, 5818),
(57, 97, 6315),
(57, 98, 13018),
(57, 99, 23864),
(57, 100, 10380),
(58, 1, 1975),
(58, 2, 1391),
(58, 3, 24205),
(58, 4, 12430),
(58, 5, 26095),
(58, 6, 14678),
(58, 7, 17262),
(58, 8, 15210),
(58, 9, 26397),
(58, 10, 26045),
(58, 11, 28320),
(58, 12, 26590),
(58, 13, 6622),
(58, 14, 24164),
(58, 15, 9780),
(58, 16, 24523),
(58, 17, 19550),
(58, 18, 5457),
(58, 19, 15975),
(58, 20, 26505),
(58, 21, 11875),
(58, 22, 17604),
(58, 23, 27590),
(58, 24, 30590),
(58, 25, 21645),
(58, 26, 30061),
(58, 27, 150),
(58, 28, 5103),
(58, 29, 220),
(58, 30, 13533),
(58, 31, 6514),
(58, 32, 22293),
(58, 33, 21618),
(58, 34, 4155),
(58, 35, 32054),
(58, 36, 24948),
(58, 37, 20122),
(58, 38, 10040),
(58, 39, 13340),
(58, 40, 9320),
(58, 41, 15626),
(58, 42, 27460),
(58, 43, 6693),
(58, 44, 15105),
(58, 45, 357),
(58, 46, 24323),
(58, 47, 28859),
(58, 48, 17680),
(58, 49, 20484),
(58, 50, 27130),
(58, 51, 13204),
(58, 52, 30850),
(58, 53, 19446),
(58, 54, 5263),
(58, 55, 13529),
(58, 56, 23789),
(58, 57, 9285),
(58, 58, 16432),
(58, 59, 17544),
(58, 60, 25961),
(58, 61, 5755),
(58, 62, 12242),
(58, 63, 26391),
(58, 64, 23713),
(58, 65, 31333),
(58, 66, 29853),
(58, 67, 24410),
(58, 68, 22314),
(58, 69, 15127),
(58, 70, 4837),
(58, 71, 4006),
(58, 72, 8211),
(58, 73, 24880),
(58, 74, 29533),
(58, 75, 30263),
(58, 76, 21437),
(58, 77, 4704),
(58, 78, 29831),
(58, 79, 18639),
(58, 80, 7404),
(58, 81, 10791),
(58, 82, 12399),
(58, 83, 29600),
(58, 84, 18463),
(58, 85, 20447),
(58, 86, 19097),
(58, 87, 32620),
(58, 88, 8477),
(58, 89, 11772),
(58, 90, 23096),
(58, 91, 8939),
(58, 92, 20177),
(58, 93, 11923),
(58, 94, 17568),
(58, 95, 877),
(58, 96, 8535),
(58, 97, 24857),
(58, 98, 7166),
(58, 99, 26816),
(58, 100, 1623),
(59, 1, 28014),
(59, 2, 22087),
(59, 3, 26708),
(59, 4, 6034),
(59, 5, 14361),
(59, 6, 28782),
(59, 7, 19357),
(59, 8, 30650),
(59, 9, 7126),
(59, 10, 20954),
(59, 11, 13753),
(59, 12, 29063),
(59, 13, 23630),
(59, 14, 1047),
(59, 15, 19539),
(59, 16, 3335),
(59, 17, 13861),
(59, 18, 4812),
(59, 19, 26567),
(59, 20, 3894),
(59, 21, 12345),
(59, 22, 10221),
(59, 23, 3718),
(59, 24, 6094),
(59, 25, 4649),
(59, 26, 14385),
(59, 27, 16317),
(59, 28, 20832),
(59, 29, 9237),
(59, 30, 21447),
(59, 31, 20785),
(59, 32, 26532),
(59, 33, 7077),
(59, 34, 28485),
(59, 35, 25709),
(59, 36, 14350),
(59, 37, 23117),
(59, 38, 14561),
(59, 39, 14112),
(59, 40, 28833),
(59, 41, 24783),
(59, 42, 19939),
(59, 43, 21185),
(59, 44, 4360),
(59, 45, 7169),
(59, 46, 25690),
(59, 47, 24436),
(59, 48, 483),
(59, 49, 28368),
(59, 50, 15630),
(59, 51, 7729),
(59, 52, 13919),
(59, 53, 7557),
(59, 54, 29111),
(59, 55, 20003),
(59, 56, 3081),
(59, 57, 32327),
(59, 58, 29548),
(59, 59, 334),
(59, 60, 23780),
(59, 61, 4833),
(59, 62, 19806),
(59, 63, 9333),
(59, 64, 30648),
(59, 65, 28614),
(59, 66, 32710),
(59, 67, 15931),
(59, 68, 29358),
(59, 69, 5202),
(59, 70, 1820),
(59, 71, 10632),
(59, 72, 3098),
(59, 73, 6227),
(59, 74, 25482),
(59, 75, 20270),
(59, 76, 3480),
(59, 77, 21192),
(59, 78, 13472),
(59, 79, 8909),
(59, 80, 25946),
(59, 81, 24041),
(59, 82, 15689),
(59, 83, 26356),
(59, 84, 27072),
(59, 85, 7271),
(59, 86, 25598),
(59, 87, 31880),
(59, 88, 31529),
(59, 89, 9204),
(59, 90, 825),
(59, 91, 16746),
(59, 92, 30730),
(59, 93, 12550),
(59, 94, 7725),
(59, 95, 16980),
(59, 96, 14141),
(59, 97, 2008),
(59, 98, 19892),
(59, 99, 17412),
(59, 100, 31899),
(60, 1, 26290),
(60, 2, 31113),
(60, 3, 26525),
(60, 4, 7116),
(60, 5, 28011),
(60, 6, 12727),
(60, 7, 28234),
(60, 8, 15710),
(60, 9, 7724),
(60, 10, 15441),
(60, 11, 24612),
(60, 12, 31253),
(60, 13, 23414),
(60, 14, 11108),
(60, 15, 6742),
(60, 16, 16514),
(60, 17, 1895),
(60, 18, 3882),
(60, 19, 2174),
(60, 20, 14551),
(60, 21, 10297),
(60, 22, 6272),
(60, 23, 3415),
(60, 24, 6906),
(60, 25, 13835),
(60, 26, 16282),
(60, 27, 24214),
(60, 28, 10968),
(60, 29, 30180),
(60, 30, 17142),
(60, 31, 22545),
(60, 32, 20220),
(60, 33, 1525),
(60, 34, 4750),
(60, 35, 2598),
(60, 36, 30048),
(60, 37, 32542),
(60, 38, 31570),
(60, 39, 1883),
(60, 40, 14979),
(60, 41, 20404),
(60, 42, 9941),
(60, 43, 13634),
(60, 44, 1723),
(60, 45, 13186),
(60, 46, 17223),
(60, 47, 9376),
(60, 48, 5581),
(60, 49, 27917),
(60, 50, 26531),
(60, 51, 13517),
(60, 52, 7355),
(60, 53, 9245),
(60, 54, 2089),
(60, 55, 1630),
(60, 56, 477),
(60, 57, 3448),
(60, 58, 3855),
(60, 59, 258),
(60, 60, 23347),
(60, 61, 16369),
(60, 62, 28020),
(60, 63, 28842),
(60, 64, 9978),
(60, 65, 23201),
(60, 66, 14485),
(60, 67, 32237),
(60, 68, 29309),
(60, 69, 24693),
(60, 70, 10051),
(60, 71, 1450),
(60, 72, 25390),
(60, 73, 27881),
(60, 74, 917),
(60, 75, 5103),
(60, 76, 22005),
(60, 77, 9746),
(60, 78, 25818),
(60, 79, 1561),
(60, 80, 2248),
(60, 81, 4066),
(60, 82, 17873),
(60, 83, 6205),
(60, 84, 636),
(60, 85, 9384),
(60, 86, 19229),
(60, 87, 25031),
(60, 88, 11483),
(60, 89, 22230),
(60, 90, 19955),
(60, 91, 1377),
(60, 92, 21750),
(60, 93, 24583),
(60, 94, 32534),
(60, 95, 6167),
(60, 96, 1469),
(60, 97, 320),
(60, 98, 13829),
(60, 99, 952),
(60, 100, 28876)
INSERT ProductCost (ProductID, ShopID, Cost)VALUES
(61, 1, 6262),
(61, 2, 16498),
(61, 3, 26751),
(61, 4, 22920),
(61, 5, 12113),
(61, 6, 17911),
(61, 7, 16882),
(61, 8, 13931),
(61, 9, 26416),
(61, 10, 5125),
(61, 11, 21259),
(61, 12, 31900),
(61, 13, 26221),
(61, 14, 26141),
(61, 15, 7574),
(61, 16, 18883),
(61, 17, 10978),
(61, 18, 32322),
(61, 19, 26842),
(61, 20, 24603),
(61, 21, 26028),
(61, 22, 8622),
(61, 23, 7035),
(61, 24, 10441),
(61, 25, 17454),
(61, 26, 19908),
(61, 27, 27807),
(61, 28, 12396),
(61, 29, 19033),
(61, 30, 14662),
(61, 31, 12368),
(61, 32, 20981),
(61, 33, 8747),
(61, 34, 30152),
(61, 35, 17186),
(61, 36, 953),
(61, 37, 1142),
(61, 38, 17764),
(61, 39, 22805),
(61, 40, 31428),
(61, 41, 7907),
(61, 42, 30896),
(61, 43, 13244),
(61, 44, 6256),
(61, 45, 6966),
(61, 46, 26861),
(61, 47, 927),
(61, 48, 22071),
(61, 49, 11220),
(61, 50, 25217),
(61, 51, 30943),
(61, 52, 9158),
(61, 53, 16770),
(61, 54, 5032),
(61, 55, 18200),
(61, 56, 27474),
(61, 57, 20079),
(61, 58, 21350),
(61, 59, 8331),
(61, 60, 12335),
(61, 61, 14965),
(61, 62, 21696),
(61, 63, 27773),
(61, 64, 31647),
(61, 65, 27804),
(61, 66, 6699),
(61, 67, 15578),
(61, 68, 3048),
(61, 69, 3552),
(61, 70, 15685),
(61, 71, 18206),
(61, 72, 31145),
(61, 73, 26932),
(61, 74, 24259),
(61, 75, 25717),
(61, 76, 18285),
(61, 77, 3270),
(61, 78, 21162),
(61, 79, 23841),
(61, 80, 3969),
(61, 81, 4229),
(61, 82, 23747),
(61, 83, 797),
(61, 84, 17411),
(61, 85, 9697),
(61, 86, 4424),
(61, 87, 24576),
(61, 88, 13628),
(61, 89, 21713),
(61, 90, 11748),
(61, 91, 31267),
(61, 92, 21040),
(61, 93, 2587),
(61, 94, 32475),
(61, 95, 29958),
(61, 96, 22386),
(61, 97, 23248),
(61, 98, 9348),
(61, 99, 4336),
(61, 100, 24637),
(62, 1, 8469),
(62, 2, 19712),
(62, 3, 19926),
(62, 4, 3521),
(62, 5, 22057),
(62, 6, 13862),
(62, 7, 13694),
(62, 8, 14523),
(62, 9, 19876),
(62, 10, 3005),
(62, 11, 4325),
(62, 12, 24904),
(62, 13, 13821),
(62, 14, 30190),
(62, 15, 3293),
(62, 16, 20731),
(62, 17, 591),
(62, 18, 27640),
(62, 19, 4602),
(62, 20, 9005),
(62, 21, 8541),
(62, 22, 7974),
(62, 23, 21423),
(62, 24, 10132),
(62, 25, 9683),
(62, 26, 4607),
(62, 27, 23221),
(62, 28, 21272),
(62, 29, 17359),
(62, 30, 12220),
(62, 31, 3756),
(62, 32, 13025),
(62, 33, 18335),
(62, 34, 30719),
(62, 35, 773),
(62, 36, 5557),
(62, 37, 27085),
(62, 38, 4801),
(62, 39, 2847),
(62, 40, 24449),
(62, 41, 9304),
(62, 42, 24716),
(62, 43, 22960),
(62, 44, 15157),
(62, 45, 27973),
(62, 46, 23275),
(62, 47, 12135),
(62, 48, 7893),
(62, 49, 31318),
(62, 50, 22816),
(62, 51, 23760),
(62, 52, 21965),
(62, 53, 29210),
(62, 54, 3348),
(62, 55, 7031),
(62, 56, 1414),
(62, 57, 11814),
(62, 58, 19604),
(62, 59, 592),
(62, 60, 24630),
(62, 61, 29345),
(62, 62, 31417),
(62, 63, 6486),
(62, 64, 31228),
(62, 65, 16134),
(62, 66, 9640),
(62, 67, 20595),
(62, 68, 29740),
(62, 69, 7205),
(62, 70, 11388),
(62, 71, 23968),
(62, 72, 29416),
(62, 73, 2923),
(62, 74, 385),
(62, 75, 17997),
(62, 76, 4336),
(62, 77, 31588),
(62, 78, 23715),
(62, 79, 6147),
(62, 80, 17850),
(62, 81, 25982),
(62, 82, 29222),
(62, 83, 5192),
(62, 84, 29126),
(62, 85, 30992),
(62, 86, 407),
(62, 87, 21443),
(62, 88, 1324),
(62, 89, 30618),
(62, 90, 20738),
(62, 91, 9376),
(62, 92, 29815),
(62, 93, 9807),
(62, 94, 26725),
(62, 95, 10294),
(62, 96, 28597),
(62, 97, 30928),
(62, 98, 8549),
(62, 99, 29671),
(62, 100, 4047),
(63, 1, 22843),
(63, 2, 24384),
(63, 3, 14664),
(63, 4, 28183),
(63, 5, 12644),
(63, 6, 771),
(63, 7, 14722),
(63, 8, 23072),
(63, 9, 6498),
(63, 10, 28669),
(63, 11, 2041),
(63, 12, 8658),
(63, 13, 20302),
(63, 14, 13427),
(63, 15, 24619),
(63, 16, 8125),
(63, 17, 23623),
(63, 18, 10901),
(63, 19, 4826),
(63, 20, 942),
(63, 21, 2745),
(63, 22, 9649),
(63, 23, 20077),
(63, 24, 2432),
(63, 25, 4575),
(63, 26, 32679),
(63, 27, 18068),
(63, 28, 4661),
(63, 29, 6791),
(63, 30, 6813),
(63, 31, 32555),
(63, 32, 21318),
(63, 33, 278),
(63, 34, 10995),
(63, 35, 15969),
(63, 36, 4150),
(63, 37, 30923),
(63, 38, 23929),
(63, 39, 27161),
(63, 40, 4717),
(63, 41, 29768),
(63, 42, 11744),
(63, 43, 21648),
(63, 44, 21316),
(63, 45, 30542),
(63, 46, 367),
(63, 47, 15424),
(63, 48, 3165),
(63, 49, 13768),
(63, 50, 23031),
(63, 51, 773),
(63, 52, 8757),
(63, 53, 9227),
(63, 54, 13577),
(63, 55, 24703),
(63, 56, 7420),
(63, 57, 23644),
(63, 58, 27494),
(63, 59, 5047),
(63, 60, 9124),
(63, 61, 32178),
(63, 62, 9399),
(63, 63, 22533),
(63, 64, 11576),
(63, 65, 26558),
(63, 66, 13183),
(63, 67, 8497),
(63, 68, 23663),
(63, 69, 30761),
(63, 70, 27981),
(63, 71, 25304),
(63, 72, 14721),
(63, 73, 11549),
(63, 74, 21302),
(63, 75, 26385),
(63, 76, 15929),
(63, 77, 20742),
(63, 78, 7810),
(63, 79, 30801),
(63, 80, 26699),
(63, 81, 5018),
(63, 82, 1446),
(63, 83, 25228),
(63, 84, 17897),
(63, 85, 13335),
(63, 86, 19827),
(63, 87, 3997),
(63, 88, 12433),
(63, 89, 8395),
(63, 90, 31372),
(63, 91, 17128),
(63, 92, 10793),
(63, 93, 12250),
(63, 94, 14109),
(63, 95, 14398),
(63, 96, 4173),
(63, 97, 21820),
(63, 98, 16586),
(63, 99, 10753),
(63, 100, 6632),
(64, 1, 31237),
(64, 2, 29414),
(64, 3, 648),
(64, 4, 21249),
(64, 5, 22761),
(64, 6, 16614),
(64, 7, 15556),
(64, 8, 2776),
(64, 9, 1023),
(64, 10, 13589),
(64, 11, 14372),
(64, 12, 26674),
(64, 13, 30661),
(64, 14, 18313),
(64, 15, 951),
(64, 16, 6129),
(64, 17, 24421),
(64, 18, 8533),
(64, 19, 25745),
(64, 20, 18919),
(64, 21, 28214),
(64, 22, 8192),
(64, 23, 7023),
(64, 24, 28652),
(64, 25, 29318),
(64, 26, 11574),
(64, 27, 11678),
(64, 28, 29486),
(64, 29, 1431),
(64, 30, 16062),
(64, 31, 13592),
(64, 32, 21449),
(64, 33, 31975),
(64, 34, 4780),
(64, 35, 31729),
(64, 36, 26264),
(64, 37, 180),
(64, 38, 31704),
(64, 39, 26353),
(64, 40, 9546),
(64, 41, 27584),
(64, 42, 21134),
(64, 43, 29571),
(64, 44, 17592),
(64, 45, 22610),
(64, 46, 23943),
(64, 47, 19661),
(64, 48, 1397),
(64, 49, 32381),
(64, 50, 18200),
(64, 51, 15393),
(64, 52, 29351),
(64, 53, 18340),
(64, 54, 29354),
(64, 55, 30868),
(64, 56, 790),
(64, 57, 15166),
(64, 58, 18026),
(64, 59, 6636),
(64, 60, 20611),
(64, 61, 10455),
(64, 62, 15682),
(64, 63, 12992),
(64, 64, 22843),
(64, 65, 13143),
(64, 66, 21767),
(64, 67, 21978),
(64, 68, 32748),
(64, 69, 8583),
(64, 70, 11508),
(64, 71, 2784),
(64, 72, 15798),
(64, 73, 6097),
(64, 74, 26711),
(64, 75, 30260),
(64, 76, 14981),
(64, 77, 8008),
(64, 78, 10634),
(64, 79, 14360),
(64, 80, 16287),
(64, 81, 7656),
(64, 82, 14629),
(64, 83, 18198),
(64, 84, 14457),
(64, 85, 9246),
(64, 86, 11634),
(64, 87, 18847),
(64, 88, 13775),
(64, 89, 13195),
(64, 90, 9761),
(64, 91, 13042),
(64, 92, 9971),
(64, 93, 25349),
(64, 94, 28733),
(64, 95, 10047),
(64, 96, 15718),
(64, 97, 990),
(64, 98, 9823),
(64, 99, 27404),
(64, 100, 11941),
(65, 1, 11369),
(65, 2, 8482),
(65, 3, 25049),
(65, 4, 18501),
(65, 5, 19387),
(65, 6, 19414),
(65, 7, 24575),
(65, 8, 2626),
(65, 9, 10927),
(65, 10, 12665),
(65, 11, 21470),
(65, 12, 15253),
(65, 13, 32301),
(65, 14, 21987),
(65, 15, 2615),
(65, 16, 11524),
(65, 17, 28331),
(65, 18, 12096),
(65, 19, 4567),
(65, 20, 7742),
(65, 21, 14579),
(65, 22, 21443),
(65, 23, 630),
(65, 24, 31015),
(65, 25, 19495),
(65, 26, 12185),
(65, 27, 10974),
(65, 28, 22385),
(65, 29, 2307),
(65, 30, 22300),
(65, 31, 27216),
(65, 32, 1644),
(65, 33, 1635),
(65, 34, 18762),
(65, 35, 14627),
(65, 36, 32031),
(65, 37, 32517),
(65, 38, 13941),
(65, 39, 9390),
(65, 40, 30871),
(65, 41, 19599),
(65, 42, 7995),
(65, 43, 17000),
(65, 44, 12927),
(65, 45, 5076),
(65, 46, 24505),
(65, 47, 24142),
(65, 48, 26097),
(65, 49, 1619),
(65, 50, 31484),
(65, 51, 26757),
(65, 52, 5772),
(65, 53, 23808),
(65, 54, 15032),
(65, 55, 26177),
(65, 56, 19911),
(65, 57, 28744),
(65, 58, 30525),
(65, 59, 27109),
(65, 60, 17028),
(65, 61, 4431),
(65, 62, 7078),
(65, 63, 22124),
(65, 64, 7913),
(65, 65, 2172),
(65, 66, 14932),
(65, 67, 29191),
(65, 68, 22635),
(65, 69, 23863),
(65, 70, 17819),
(65, 71, 3079),
(65, 72, 20011),
(65, 73, 19185),
(65, 74, 16570),
(65, 75, 14846),
(65, 76, 8582),
(65, 77, 1893),
(65, 78, 32017),
(65, 79, 28705),
(65, 80, 31975),
(65, 81, 15902),
(65, 82, 14222),
(65, 83, 30961),
(65, 84, 15584),
(65, 85, 25914),
(65, 86, 10857),
(65, 87, 4123),
(65, 88, 12154),
(65, 89, 20333),
(65, 90, 26385),
(65, 91, 9372),
(65, 92, 24009),
(65, 93, 8009),
(65, 94, 3174),
(65, 95, 1576),
(65, 96, 5059),
(65, 97, 32700),
(65, 98, 11560),
(65, 99, 461),
(65, 100, 6738),
(66, 1, 17882),
(66, 2, 31407),
(66, 3, 12756),
(66, 4, 22439),
(66, 5, 24540),
(66, 6, 2013),
(66, 7, 1256),
(66, 8, 18898),
(66, 9, 13673),
(66, 10, 14418),
(66, 11, 16506),
(66, 12, 3983),
(66, 13, 23829),
(66, 14, 12254),
(66, 15, 611),
(66, 16, 29539),
(66, 17, 19240),
(66, 18, 22076),
(66, 19, 1483),
(66, 20, 11496),
(66, 21, 23968),
(66, 22, 17149),
(66, 23, 12106),
(66, 24, 19557),
(66, 25, 27001),
(66, 26, 9666),
(66, 27, 9294),
(66, 28, 1186),
(66, 29, 11563),
(66, 30, 32430),
(66, 31, 29117),
(66, 32, 18171),
(66, 33, 19573),
(66, 34, 15131),
(66, 35, 1499),
(66, 36, 26034),
(66, 37, 14681),
(66, 38, 2700),
(66, 39, 365),
(66, 40, 12426),
(66, 41, 11880),
(66, 42, 32739),
(66, 43, 9247),
(66, 44, 16273),
(66, 45, 7743),
(66, 46, 21205),
(66, 47, 22563),
(66, 48, 24637),
(66, 49, 15442),
(66, 50, 21914),
(66, 51, 8475),
(66, 52, 22714),
(66, 53, 744),
(66, 54, 29417),
(66, 55, 29241),
(66, 56, 30083),
(66, 57, 23143),
(66, 58, 18467),
(66, 59, 12196),
(66, 60, 5424),
(66, 61, 17874),
(66, 62, 12239),
(66, 63, 24350),
(66, 64, 9870),
(66, 65, 14480),
(66, 66, 20550),
(66, 67, 19429),
(66, 68, 19701),
(66, 69, 31087),
(66, 70, 687),
(66, 71, 8662),
(66, 72, 7894),
(66, 73, 14056),
(66, 74, 9774),
(66, 75, 17368),
(66, 76, 12948),
(66, 77, 12453),
(66, 78, 13145),
(66, 79, 24952),
(66, 80, 28053),
(66, 81, 6720),
(66, 82, 9196),
(66, 83, 4049),
(66, 84, 18840),
(66, 85, 6990),
(66, 86, 701),
(66, 87, 27055),
(66, 88, 1097),
(66, 89, 4252),
(66, 90, 14322),
(66, 91, 31476),
(66, 92, 27922),
(66, 93, 29368),
(66, 94, 25969),
(66, 95, 31546),
(66, 96, 17717),
(66, 97, 1459),
(66, 98, 26520),
(66, 99, 7097),
(66, 100, 26136),
(67, 1, 13862),
(67, 2, 20015),
(67, 3, 27755),
(67, 4, 8671),
(67, 5, 18291),
(67, 6, 24986),
(67, 7, 7279),
(67, 8, 4672),
(67, 9, 14157),
(67, 10, 2131),
(67, 11, 6572),
(67, 12, 18835),
(67, 13, 31355),
(67, 14, 8344),
(67, 15, 21430),
(67, 16, 6697),
(67, 17, 30424),
(67, 18, 8801),
(67, 19, 9717),
(67, 20, 26591),
(67, 21, 24223),
(67, 22, 7573),
(67, 23, 11524),
(67, 24, 14323),
(67, 25, 20709),
(67, 26, 26749),
(67, 27, 2903),
(67, 28, 29462),
(67, 29, 25447),
(67, 30, 4729),
(67, 31, 24865),
(67, 32, 3522),
(67, 33, 31110),
(67, 34, 28402),
(67, 35, 31604),
(67, 36, 2765),
(67, 37, 3216),
(67, 38, 19599),
(67, 39, 32426),
(67, 40, 3135),
(67, 41, 18753),
(67, 42, 11436),
(67, 43, 4101),
(67, 44, 26209),
(67, 45, 9866),
(67, 46, 3848),
(67, 47, 17042),
(67, 48, 26902),
(67, 49, 22928),
(67, 50, 9661),
(67, 51, 19283),
(67, 52, 21358),
(67, 53, 19192),
(67, 54, 1398),
(67, 55, 16540),
(67, 56, 9593),
(67, 57, 29026),
(67, 58, 9692),
(67, 59, 26814),
(67, 60, 17497),
(67, 61, 13619),
(67, 62, 18001),
(67, 63, 23523),
(67, 64, 9371),
(67, 65, 16792),
(67, 66, 2785),
(67, 67, 32057),
(67, 68, 28360),
(67, 69, 26312),
(67, 70, 25973),
(67, 71, 3923),
(67, 72, 21046),
(67, 73, 29065),
(67, 74, 8010),
(67, 75, 26572),
(67, 76, 31268),
(67, 77, 7157),
(67, 78, 5794),
(67, 79, 1581),
(67, 80, 22790),
(67, 81, 31614),
(67, 82, 1210),
(67, 83, 4624),
(67, 84, 15902),
(67, 85, 4144),
(67, 86, 24571),
(67, 87, 1158),
(67, 88, 26956),
(67, 89, 22838),
(67, 90, 11892),
(67, 91, 183),
(67, 92, 4391),
(67, 93, 4768),
(67, 94, 23688),
(67, 95, 8136),
(67, 96, 3916),
(67, 97, 99),
(67, 98, 27620),
(67, 99, 13314),
(67, 100, 9975),
(68, 1, 27297),
(68, 2, 3765),
(68, 3, 18224),
(68, 4, 6608),
(68, 5, 12075),
(68, 6, 791),
(68, 7, 22600),
(68, 8, 32519),
(68, 9, 3141),
(68, 10, 17104),
(68, 11, 7246),
(68, 12, 4258),
(68, 13, 2217),
(68, 14, 23358),
(68, 15, 18038),
(68, 16, 25366),
(68, 17, 7374),
(68, 18, 398),
(68, 19, 7049),
(68, 20, 15125),
(68, 21, 361),
(68, 22, 14127),
(68, 23, 21641),
(68, 24, 30120),
(68, 25, 18229),
(68, 26, 4742),
(68, 27, 5272),
(68, 28, 13949),
(68, 29, 7151),
(68, 30, 32740),
(68, 31, 30230),
(68, 32, 20610),
(68, 33, 24741),
(68, 34, 3765),
(68, 35, 29450),
(68, 36, 7347),
(68, 37, 30001),
(68, 38, 7930),
(68, 39, 11459),
(68, 40, 13103),
(68, 41, 23809),
(68, 42, 761),
(68, 43, 22207),
(68, 44, 14994),
(68, 45, 8473),
(68, 46, 26930),
(68, 47, 18635),
(68, 48, 16767),
(68, 49, 4954),
(68, 50, 8854),
(68, 51, 31852),
(68, 52, 22140),
(68, 53, 22276),
(68, 54, 6388),
(68, 55, 31102),
(68, 56, 20995),
(68, 57, 21114),
(68, 58, 2484),
(68, 59, 30235),
(68, 60, 1749),
(68, 61, 28229),
(68, 62, 22727),
(68, 63, 11710),
(68, 64, 19602),
(68, 65, 17756),
(68, 66, 4062),
(68, 67, 13224),
(68, 68, 6279),
(68, 69, 10914),
(68, 70, 24026),
(68, 71, 17539),
(68, 72, 6343),
(68, 73, 10161),
(68, 74, 10884),
(68, 75, 23366),
(68, 76, 1405),
(68, 77, 22742),
(68, 78, 4735),
(68, 79, 3416),
(68, 80, 7296),
(68, 81, 19036),
(68, 82, 24443),
(68, 83, 29176),
(68, 84, 31528),
(68, 85, 15118),
(68, 86, 20650),
(68, 87, 6364),
(68, 88, 19041),
(68, 89, 26615),
(68, 90, 18296),
(68, 91, 21528),
(68, 92, 28925),
(68, 93, 17772),
(68, 94, 11383),
(68, 95, 22850),
(68, 96, 16463),
(68, 97, 18765),
(68, 98, 8344),
(68, 99, 32212),
(68, 100, 20213),
(69, 1, 10887),
(69, 2, 20129),
(69, 3, 4817),
(69, 4, 30197),
(69, 5, 14813),
(69, 6, 28891),
(69, 7, 9132),
(69, 8, 9228),
(69, 9, 14313),
(69, 10, 24331),
(69, 11, 7269),
(69, 12, 31554),
(69, 13, 19549),
(69, 14, 14500),
(69, 15, 6901),
(69, 16, 27842),
(69, 17, 655),
(69, 18, 32571),
(69, 19, 28652),
(69, 20, 18153),
(69, 21, 28469),
(69, 22, 13627),
(69, 23, 4697),
(69, 24, 27037),
(69, 25, 25452),
(69, 26, 21722),
(69, 27, 2794),
(69, 28, 5344),
(69, 29, 20736),
(69, 30, 13132),
(69, 31, 6740),
(69, 32, 1444),
(69, 33, 17383),
(69, 34, 9270),
(69, 35, 7925),
(69, 36, 21729),
(69, 37, 5390),
(69, 38, 29029),
(69, 39, 32184),
(69, 40, 19686),
(69, 41, 14937),
(69, 42, 31424),
(69, 43, 4666),
(69, 44, 10477),
(69, 45, 22501),
(69, 46, 4731),
(69, 47, 27179),
(69, 48, 29425),
(69, 49, 30352),
(69, 50, 27022),
(69, 51, 20470),
(69, 52, 29636),
(69, 53, 955),
(69, 54, 8294),
(69, 55, 26788),
(69, 56, 26972),
(69, 57, 32334),
(69, 58, 20442),
(69, 59, 26877),
(69, 60, 30573),
(69, 61, 29949),
(69, 62, 7776),
(69, 63, 9713),
(69, 64, 1598),
(69, 65, 14794),
(69, 66, 13697),
(69, 67, 1079),
(69, 68, 949),
(69, 69, 28363),
(69, 70, 11146),
(69, 71, 2868),
(69, 72, 15027),
(69, 73, 20526),
(69, 74, 13701),
(69, 75, 7966),
(69, 76, 13480),
(69, 77, 24442),
(69, 78, 13671),
(69, 79, 9825),
(69, 80, 22878),
(69, 81, 21527),
(69, 82, 30859),
(69, 83, 7746),
(69, 84, 16665),
(69, 85, 29969),
(69, 86, 14943),
(69, 87, 25282),
(69, 88, 27874),
(69, 89, 16409),
(69, 90, 16222),
(69, 91, 11717),
(69, 92, 22816),
(69, 93, 461),
(69, 94, 7230),
(69, 95, 4467),
(69, 96, 7784),
(69, 97, 17209),
(69, 98, 32106),
(69, 99, 29151),
(69, 100, 5270),
(70, 1, 12445),
(70, 2, 690),
(70, 3, 16870),
(70, 4, 11293),
(70, 5, 23920),
(70, 6, 833),
(70, 7, 1883),
(70, 8, 29083),
(70, 9, 2470),
(70, 10, 19920),
(70, 11, 27233),
(70, 12, 28593),
(70, 13, 19503),
(70, 14, 14618),
(70, 15, 21527),
(70, 16, 25361),
(70, 17, 18112),
(70, 18, 6288),
(70, 19, 24699),
(70, 20, 29912),
(70, 21, 18133),
(70, 22, 26957),
(70, 23, 10120),
(70, 24, 28447),
(70, 25, 30711),
(70, 26, 19276),
(70, 27, 8610),
(70, 28, 8140),
(70, 29, 2874),
(70, 30, 6873),
(70, 31, 11060),
(70, 32, 23982),
(70, 33, 30731),
(70, 34, 15941),
(70, 35, 27544),
(70, 36, 25546),
(70, 37, 14888),
(70, 38, 31710),
(70, 39, 9015),
(70, 40, 30447),
(70, 41, 12528),
(70, 42, 27678),
(70, 43, 9457),
(70, 44, 2449),
(70, 45, 989),
(70, 46, 23587),
(70, 47, 32447),
(70, 48, 20948),
(70, 49, 12367),
(70, 50, 13407),
(70, 51, 5526),
(70, 52, 1510),
(70, 53, 9355),
(70, 54, 14225),
(70, 55, 14479),
(70, 56, 12946),
(70, 57, 3075),
(70, 58, 11764),
(70, 59, 28486),
(70, 60, 24594),
(70, 61, 12504),
(70, 62, 20662),
(70, 63, 1919),
(70, 64, 31013),
(70, 65, 5789),
(70, 66, 2475),
(70, 67, 9744),
(70, 68, 10338),
(70, 69, 12894),
(70, 70, 23363),
(70, 71, 24315),
(70, 72, 8140),
(70, 73, 25568),
(70, 74, 1210),
(70, 75, 6362),
(70, 76, 32422),
(70, 77, 5163),
(70, 78, 13966),
(70, 79, 16256),
(70, 80, 18825),
(70, 81, 7494),
(70, 82, 27446),
(70, 83, 2525),
(70, 84, 10419),
(70, 85, 24386),
(70, 86, 14353),
(70, 87, 22306),
(70, 88, 24738),
(70, 89, 9849),
(70, 90, 10909),
(70, 91, 26406),
(70, 92, 14562),
(70, 93, 18200),
(70, 94, 1513),
(70, 95, 29192),
(70, 96, 17699),
(70, 97, 4571),
(70, 98, 29773),
(70, 99, 25367),
(70, 100, 17550)
INSERT ProductCost (ProductID, ShopID, Cost)VALUES
(71, 1, 1560),
(71, 2, 344),
(71, 3, 15086),
(71, 4, 2905),
(71, 5, 25855),
(71, 6, 28682),
(71, 7, 23779),
(71, 8, 10905),
(71, 9, 2592),
(71, 10, 16707),
(71, 11, 19363),
(71, 12, 19032),
(71, 13, 11566),
(71, 14, 32380),
(71, 15, 6422),
(71, 16, 27112),
(71, 17, 28930),
(71, 18, 7349),
(71, 19, 3465),
(71, 20, 31350),
(71, 21, 25570),
(71, 22, 2990),
(71, 23, 18955),
(71, 24, 2018),
(71, 25, 21764),
(71, 26, 17754),
(71, 27, 27159),
(71, 28, 25551),
(71, 29, 9038),
(71, 30, 29073),
(71, 31, 26740),
(71, 32, 1782),
(71, 33, 26976),
(71, 34, 29189),
(71, 35, 19290),
(71, 36, 7359),
(71, 37, 10964),
(71, 38, 27255),
(71, 39, 23510),
(71, 40, 27922),
(71, 41, 26308),
(71, 42, 6443),
(71, 43, 27759),
(71, 44, 6250),
(71, 45, 13197),
(71, 46, 5017),
(71, 47, 29450),
(71, 48, 23084),
(71, 49, 18387),
(71, 50, 15205),
(71, 51, 31243),
(71, 52, 17720),
(71, 53, 5318),
(71, 54, 32657),
(71, 55, 11453),
(71, 56, 11965),
(71, 57, 21923),
(71, 58, 15858),
(71, 59, 756),
(71, 60, 15185),
(71, 61, 14461),
(71, 62, 22752),
(71, 63, 20465),
(71, 64, 16961),
(71, 65, 1085),
(71, 66, 21810),
(71, 67, 14469),
(71, 68, 31525),
(71, 69, 24552),
(71, 70, 5226),
(71, 71, 21626),
(71, 72, 10680),
(71, 73, 7968),
(71, 74, 32556),
(71, 75, 32558),
(71, 76, 15335),
(71, 77, 14318),
(71, 78, 13301),
(71, 79, 7041),
(71, 80, 3624),
(71, 81, 17854),
(71, 82, 3593),
(71, 83, 20209),
(71, 84, 18957),
(71, 85, 15787),
(71, 86, 6317),
(71, 87, 30724),
(71, 88, 4889),
(71, 89, 14333),
(71, 90, 17047),
(71, 91, 25575),
(71, 92, 30162),
(71, 93, 29424),
(71, 94, 26019),
(71, 95, 1876),
(71, 96, 19735),
(71, 97, 29368),
(71, 98, 30407),
(71, 99, 16056),
(71, 100, 4532),
(72, 1, 25281),
(72, 2, 29257),
(72, 3, 22934),
(72, 4, 18484),
(72, 5, 7227),
(72, 6, 22575),
(72, 7, 29990),
(72, 8, 247),
(72, 9, 30166),
(72, 10, 19704),
(72, 11, 27203),
(72, 12, 7812),
(72, 13, 16586),
(72, 14, 12937),
(72, 15, 21124),
(72, 16, 22047),
(72, 17, 5915),
(72, 18, 19818),
(72, 19, 26792),
(72, 20, 7839),
(72, 21, 24347),
(72, 22, 18994),
(72, 23, 18487),
(72, 24, 378),
(72, 25, 10288),
(72, 26, 14144),
(72, 27, 20582),
(72, 28, 546),
(72, 29, 17623),
(72, 30, 18092),
(72, 31, 11835),
(72, 32, 3988),
(72, 33, 17897),
(72, 34, 27773),
(72, 35, 20979),
(72, 36, 13357),
(72, 37, 15134),
(72, 38, 11549),
(72, 39, 21409),
(72, 40, 30656),
(72, 41, 23759),
(72, 42, 12298),
(72, 43, 2839),
(72, 44, 10215),
(72, 45, 768),
(72, 46, 27341),
(72, 47, 24329),
(72, 48, 31382),
(72, 49, 3485),
(72, 50, 30768),
(72, 51, 3952),
(72, 52, 16118),
(72, 53, 8708),
(72, 54, 28588),
(72, 55, 32557),
(72, 56, 4208),
(72, 57, 25028),
(72, 58, 20769),
(72, 59, 16623),
(72, 60, 16391),
(72, 61, 32420),
(72, 62, 22730),
(72, 63, 27478),
(72, 64, 26604),
(72, 65, 20456),
(72, 66, 20335),
(72, 67, 30809),
(72, 68, 23884),
(72, 69, 19663),
(72, 70, 10972),
(72, 71, 13285),
(72, 72, 29805),
(72, 73, 4192),
(72, 74, 4755),
(72, 75, 32198),
(72, 76, 19193),
(72, 77, 19046),
(72, 78, 7358),
(72, 79, 25291),
(72, 80, 3226),
(72, 81, 16826),
(72, 82, 22375),
(72, 83, 20773),
(72, 84, 26054),
(72, 85, 19392),
(72, 86, 29163),
(72, 87, 27665),
(72, 88, 6365),
(72, 89, 23860),
(72, 90, 6828),
(72, 91, 17079),
(72, 92, 26993),
(72, 93, 6183),
(72, 94, 25863),
(72, 95, 28241),
(72, 96, 20964),
(72, 97, 31556),
(72, 98, 19334),
(72, 99, 23439),
(72, 100, 14137),
(73, 1, 5720),
(73, 2, 8790),
(73, 3, 17210),
(73, 4, 3876),
(73, 5, 26642),
(73, 6, 3579),
(73, 7, 5657),
(73, 8, 11363),
(73, 9, 18695),
(73, 10, 21058),
(73, 11, 24593),
(73, 12, 9553),
(73, 13, 2040),
(73, 14, 3447),
(73, 15, 26255),
(73, 16, 2233),
(73, 17, 7000),
(73, 18, 13273),
(73, 19, 1579),
(73, 20, 21736),
(73, 21, 3081),
(73, 22, 24395),
(73, 23, 4997),
(73, 24, 25862),
(73, 25, 32103),
(73, 26, 18252),
(73, 27, 17267),
(73, 28, 18598),
(73, 29, 30343),
(73, 30, 29993),
(73, 31, 24159),
(73, 32, 14747),
(73, 33, 20672),
(73, 34, 2161),
(73, 35, 17130),
(73, 36, 9229),
(73, 37, 28523),
(73, 38, 8106),
(73, 39, 31701),
(73, 40, 29901),
(73, 41, 9448),
(73, 42, 14658),
(73, 43, 27938),
(73, 44, 8678),
(73, 45, 26850),
(73, 46, 8393),
(73, 47, 23670),
(73, 48, 8565),
(73, 49, 17363),
(73, 50, 15453),
(73, 51, 22722),
(73, 52, 17082),
(73, 53, 5066),
(73, 54, 20069),
(73, 55, 17698),
(73, 56, 7534),
(73, 57, 3692),
(73, 58, 32642),
(73, 59, 2822),
(73, 60, 2903),
(73, 61, 9272),
(73, 62, 17602),
(73, 63, 14223),
(73, 64, 24603),
(73, 65, 10512),
(73, 66, 30231),
(73, 67, 2108),
(73, 68, 21330),
(73, 69, 26101),
(73, 70, 10504),
(73, 71, 10949),
(73, 72, 20702),
(73, 73, 30739),
(73, 74, 9127),
(73, 75, 13383),
(73, 76, 9087),
(73, 77, 8445),
(73, 78, 31683),
(73, 79, 5026),
(73, 80, 11682),
(73, 81, 27705),
(73, 82, 13918),
(73, 83, 799),
(73, 84, 9338),
(73, 85, 19967),
(73, 86, 31585),
(73, 87, 15703),
(73, 88, 338),
(73, 89, 7998),
(73, 90, 12687),
(73, 91, 31056),
(73, 92, 7458),
(73, 93, 6880),
(73, 94, 5816),
(73, 95, 29160),
(73, 96, 10848),
(73, 97, 16463),
(73, 98, 10287),
(73, 99, 31863),
(73, 100, 280),
(74, 1, 16184),
(74, 2, 28542),
(74, 3, 29360),
(74, 4, 28991),
(74, 5, 20623),
(74, 6, 1879),
(74, 7, 29640),
(74, 8, 3909),
(74, 9, 8403),
(74, 10, 27854),
(74, 11, 16603),
(74, 12, 12009),
(74, 13, 12179),
(74, 14, 28870),
(74, 15, 14475),
(74, 16, 81),
(74, 17, 18481),
(74, 18, 23977),
(74, 19, 13802),
(74, 20, 858),
(74, 21, 30694),
(74, 22, 9565),
(74, 23, 22170),
(74, 24, 17709),
(74, 25, 9478),
(74, 26, 11123),
(74, 27, 27698),
(74, 28, 7187),
(74, 29, 11141),
(74, 30, 32673),
(74, 31, 7396),
(74, 32, 21898),
(74, 33, 8891),
(74, 34, 7282),
(74, 35, 30557),
(74, 36, 2712),
(74, 37, 12388),
(74, 38, 32316),
(74, 39, 32237),
(74, 40, 3679),
(74, 41, 3307),
(74, 42, 9811),
(74, 43, 27880),
(74, 44, 10994),
(74, 45, 7400),
(74, 46, 24188),
(74, 47, 16460),
(74, 48, 8295),
(74, 49, 17383),
(74, 50, 20644),
(74, 51, 15523),
(74, 52, 6701),
(74, 53, 21611),
(74, 54, 18130),
(74, 55, 32555),
(74, 56, 3744),
(74, 57, 16690),
(74, 58, 10075),
(74, 59, 22837),
(74, 60, 15579),
(74, 61, 29627),
(74, 62, 341),
(74, 63, 31435),
(74, 64, 15565),
(74, 65, 27654),
(74, 66, 15693),
(74, 67, 12437),
(74, 68, 21904),
(74, 69, 3483),
(74, 70, 17981),
(74, 71, 14590),
(74, 72, 3573),
(74, 73, 15821),
(74, 74, 16056),
(74, 75, 29842),
(74, 76, 11108),
(74, 77, 14144),
(74, 78, 5736),
(74, 79, 30122),
(74, 80, 4835),
(74, 81, 13993),
(74, 82, 5050),
(74, 83, 13132),
(74, 84, 16500),
(74, 85, 25813),
(74, 86, 9688),
(74, 87, 25421),
(74, 88, 18596),
(74, 89, 8685),
(74, 90, 4824),
(74, 91, 16312),
(74, 92, 6241),
(74, 93, 5624),
(74, 94, 22066),
(74, 95, 15220),
(74, 96, 26380),
(74, 97, 10913),
(74, 98, 17272),
(74, 99, 27168),
(74, 100, 3791),
(75, 1, 21050),
(75, 2, 16705),
(75, 3, 8002),
(75, 4, 16177),
(75, 5, 16386),
(75, 6, 12391),
(75, 7, 2209),
(75, 8, 15847),
(75, 9, 30115),
(75, 10, 21362),
(75, 11, 18415),
(75, 12, 10733),
(75, 13, 18943),
(75, 14, 19027),
(75, 15, 20395),
(75, 16, 29910),
(75, 17, 19756),
(75, 18, 30294),
(75, 19, 1862),
(75, 20, 1633),
(75, 21, 11709),
(75, 22, 23122),
(75, 23, 31365),
(75, 24, 15948),
(75, 25, 836),
(75, 26, 19234),
(75, 27, 6182),
(75, 28, 18541),
(75, 29, 8725),
(75, 30, 1113),
(75, 31, 17350),
(75, 32, 30462),
(75, 33, 23628),
(75, 34, 30002),
(75, 35, 16130),
(75, 36, 5945),
(75, 37, 21521),
(75, 38, 22982),
(75, 39, 11741),
(75, 40, 29733),
(75, 41, 17178),
(75, 42, 29826),
(75, 43, 14945),
(75, 44, 31663),
(75, 45, 23410),
(75, 46, 31703),
(75, 47, 7050),
(75, 48, 14844),
(75, 49, 9593),
(75, 50, 4147),
(75, 51, 863),
(75, 52, 7934),
(75, 53, 32557),
(75, 54, 20017),
(75, 55, 14434),
(75, 56, 16965),
(75, 57, 8359),
(75, 58, 20749),
(75, 59, 24106),
(75, 60, 6424),
(75, 61, 18920),
(75, 62, 14682),
(75, 63, 12623),
(75, 64, 21189),
(75, 65, 32214),
(75, 66, 3063),
(75, 67, 14982),
(75, 68, 20277),
(75, 69, 28290),
(75, 70, 32063),
(75, 71, 15629),
(75, 72, 25539),
(75, 73, 32428),
(75, 74, 31872),
(75, 75, 25674),
(75, 76, 25166),
(75, 77, 31881),
(75, 78, 5038),
(75, 79, 29871),
(75, 80, 5773),
(75, 81, 31172),
(75, 82, 28505),
(75, 83, 992),
(75, 84, 11683),
(75, 85, 25794),
(75, 86, 8925),
(75, 87, 31768),
(75, 88, 15348),
(75, 89, 18218),
(75, 90, 31961),
(75, 91, 28361),
(75, 92, 21814),
(75, 93, 19877),
(75, 94, 32738),
(75, 95, 31362),
(75, 96, 27339),
(75, 97, 31970),
(75, 98, 21368),
(75, 99, 18454),
(75, 100, 25678),
(76, 1, 14302),
(76, 2, 16696),
(76, 3, 25339),
(76, 4, 9836),
(76, 5, 31586),
(76, 6, 4692),
(76, 7, 28912),
(76, 8, 31733),
(76, 9, 29389),
(76, 10, 24897),
(76, 11, 3298),
(76, 12, 5426),
(76, 13, 18963),
(76, 14, 13231),
(76, 15, 18705),
(76, 16, 4474),
(76, 17, 24838),
(76, 18, 28862),
(76, 19, 7279),
(76, 20, 18176),
(76, 21, 17364),
(76, 22, 1903),
(76, 23, 16200),
(76, 24, 15599),
(76, 25, 3281),
(76, 26, 22872),
(76, 27, 15144),
(76, 28, 3001),
(76, 29, 4983),
(76, 30, 15773),
(76, 31, 12794),
(76, 32, 6059),
(76, 33, 3243),
(76, 34, 12315),
(76, 35, 8301),
(76, 36, 22982),
(76, 37, 66),
(76, 38, 230),
(76, 39, 8092),
(76, 40, 10954),
(76, 41, 14276),
(76, 42, 6134),
(76, 43, 27117),
(76, 44, 17555),
(76, 45, 2672),
(76, 46, 8477),
(76, 47, 10041),
(76, 48, 28072),
(76, 49, 10880),
(76, 50, 13372),
(76, 51, 17454),
(76, 52, 786),
(76, 53, 22446),
(76, 54, 19895),
(76, 55, 22770),
(76, 56, 21610),
(76, 57, 6902),
(76, 58, 11046),
(76, 59, 25353),
(76, 60, 1590),
(76, 61, 28574),
(76, 62, 24654),
(76, 63, 22137),
(76, 64, 28278),
(76, 65, 32116),
(76, 66, 14415),
(76, 67, 18988),
(76, 68, 8057),
(76, 69, 18519),
(76, 70, 14110),
(76, 71, 17301),
(76, 72, 5365),
(76, 73, 30968),
(76, 74, 20278),
(76, 75, 26007),
(76, 76, 14167),
(76, 77, 8930),
(76, 78, 8075),
(76, 79, 1698),
(76, 80, 10584),
(76, 81, 11192),
(76, 82, 19904),
(76, 83, 29215),
(76, 84, 5073),
(76, 85, 14270),
(76, 86, 20633),
(76, 87, 22798),
(76, 88, 25552),
(76, 89, 16283),
(76, 90, 16051),
(76, 91, 13805),
(76, 92, 12011),
(76, 93, 13150),
(76, 94, 30067),
(76, 95, 10204),
(76, 96, 12756),
(76, 97, 20158),
(76, 98, 11324),
(76, 99, 2304),
(76, 100, 7470),
(77, 1, 678),
(77, 2, 18405),
(77, 3, 17445),
(77, 4, 9375),
(77, 5, 6129),
(77, 6, 618),
(77, 7, 11687),
(77, 8, 1063),
(77, 9, 28530),
(77, 10, 15073),
(77, 11, 25490),
(77, 12, 28592),
(77, 13, 823),
(77, 14, 432),
(77, 15, 30984),
(77, 16, 8422),
(77, 17, 3342),
(77, 18, 13566),
(77, 19, 28899),
(77, 20, 30536),
(77, 21, 30281),
(77, 22, 16743),
(77, 23, 19356),
(77, 24, 24191),
(77, 25, 29887),
(77, 26, 23284),
(77, 27, 11372),
(77, 28, 28399),
(77, 29, 30995),
(77, 30, 16970),
(77, 31, 22960),
(77, 32, 31885),
(77, 33, 21049),
(77, 34, 27169),
(77, 35, 7314),
(77, 36, 2032),
(77, 37, 10805),
(77, 38, 4344),
(77, 39, 17382),
(77, 40, 17834),
(77, 41, 16422),
(77, 42, 8967),
(77, 43, 20050),
(77, 44, 12248),
(77, 45, 900),
(77, 46, 30838),
(77, 47, 32690),
(77, 48, 22008),
(77, 49, 29862),
(77, 50, 17356),
(77, 51, 26042),
(77, 52, 24315),
(77, 53, 28295),
(77, 54, 17578),
(77, 55, 4061),
(77, 56, 29083),
(77, 57, 15817),
(77, 58, 4793),
(77, 59, 32366),
(77, 60, 30447),
(77, 61, 10490),
(77, 62, 5345),
(77, 63, 3334),
(77, 64, 27453),
(77, 65, 19991),
(77, 66, 30908),
(77, 67, 23589),
(77, 68, 12559),
(77, 69, 31054),
(77, 70, 15946),
(77, 71, 32284),
(77, 72, 6793),
(77, 73, 22792),
(77, 74, 11238),
(77, 75, 27434),
(77, 76, 7417),
(77, 77, 13095),
(77, 78, 15992),
(77, 79, 229),
(77, 80, 25264),
(77, 81, 32652),
(77, 82, 27117),
(77, 83, 4315),
(77, 84, 12049),
(77, 85, 3037),
(77, 86, 15844),
(77, 87, 17018),
(77, 88, 18663),
(77, 89, 3205),
(77, 90, 17066),
(77, 91, 19501),
(77, 92, 24316),
(77, 93, 16124),
(77, 94, 8809),
(77, 95, 18376),
(77, 96, 6887),
(77, 97, 328),
(77, 98, 29340),
(77, 99, 9766),
(77, 100, 22053),
(78, 1, 708),
(78, 2, 12742),
(78, 3, 1552),
(78, 4, 9579),
(78, 5, 29216),
(78, 6, 19812),
(78, 7, 29281),
(78, 8, 11835),
(78, 9, 19625),
(78, 10, 17440),
(78, 11, 19304),
(78, 12, 31414),
(78, 13, 13002),
(78, 14, 14407),
(78, 15, 24462),
(78, 16, 16305),
(78, 17, 26067),
(78, 18, 1661),
(78, 19, 30521),
(78, 20, 18698),
(78, 21, 21242),
(78, 22, 13488),
(78, 23, 22512),
(78, 24, 60),
(78, 25, 20384),
(78, 26, 19786),
(78, 27, 703),
(78, 28, 16690),
(78, 29, 27349),
(78, 30, 31403),
(78, 31, 12765),
(78, 32, 29017),
(78, 33, 30749),
(78, 34, 30422),
(78, 35, 22924),
(78, 36, 3321),
(78, 37, 14196),
(78, 38, 9066),
(78, 39, 12353),
(78, 40, 7877),
(78, 41, 16017),
(78, 42, 24021),
(78, 43, 517),
(78, 44, 21937),
(78, 45, 1896),
(78, 46, 25540),
(78, 47, 21275),
(78, 48, 11523),
(78, 49, 18418),
(78, 50, 23517),
(78, 51, 5603),
(78, 52, 23213),
(78, 53, 30512),
(78, 54, 22193),
(78, 55, 30718),
(78, 56, 30682),
(78, 57, 9070),
(78, 58, 23532),
(78, 59, 2739),
(78, 60, 6087),
(78, 61, 32197),
(78, 62, 22479),
(78, 63, 19089),
(78, 64, 16596),
(78, 65, 16099),
(78, 66, 31969),
(78, 67, 19030),
(78, 68, 31707),
(78, 69, 18703),
(78, 70, 28129),
(78, 71, 1296),
(78, 72, 28096),
(78, 73, 11111),
(78, 74, 17406),
(78, 75, 7042),
(78, 76, 12105),
(78, 77, 27244),
(78, 78, 17739),
(78, 79, 201),
(78, 80, 22320),
(78, 81, 12737),
(78, 82, 24429),
(78, 83, 23104),
(78, 84, 27255),
(78, 85, 21296),
(78, 86, 14998),
(78, 87, 5792),
(78, 88, 9980),
(78, 89, 14062),
(78, 90, 30904),
(78, 91, 108),
(78, 92, 23629),
(78, 93, 8480),
(78, 94, 29938),
(78, 95, 20364),
(78, 96, 18109),
(78, 97, 28829),
(78, 98, 5967),
(78, 99, 32311),
(78, 100, 8376),
(79, 1, 15094),
(79, 2, 4271),
(79, 3, 25879),
(79, 4, 24147),
(79, 5, 27060),
(79, 6, 4869),
(79, 7, 25256),
(79, 8, 18215),
(79, 9, 15584),
(79, 10, 22979),
(79, 11, 4578),
(79, 12, 25184),
(79, 13, 22217),
(79, 14, 5779),
(79, 15, 21527),
(79, 16, 26897),
(79, 17, 13569),
(79, 18, 5704),
(79, 19, 12830),
(79, 20, 13003),
(79, 21, 15017),
(79, 22, 12820),
(79, 23, 22705),
(79, 24, 20589),
(79, 25, 12270),
(79, 26, 24827),
(79, 27, 13332),
(79, 28, 18749),
(79, 29, 23252),
(79, 30, 32135),
(79, 31, 28407),
(79, 32, 11832),
(79, 33, 5427),
(79, 34, 5054),
(79, 35, 22686),
(79, 36, 30631),
(79, 37, 1022),
(79, 38, 19281),
(79, 39, 30271),
(79, 40, 24819),
(79, 41, 21451),
(79, 42, 16918),
(79, 43, 17324),
(79, 44, 14010),
(79, 45, 7824),
(79, 46, 27320),
(79, 47, 26417),
(79, 48, 19234),
(79, 49, 24235),
(79, 50, 17326),
(79, 51, 23744),
(79, 52, 1134),
(79, 53, 4902),
(79, 54, 31337),
(79, 55, 23627),
(79, 56, 14799),
(79, 57, 31032),
(79, 58, 20178),
(79, 59, 32626),
(79, 60, 21116),
(79, 61, 32527),
(79, 62, 19187),
(79, 63, 27230),
(79, 64, 23300),
(79, 65, 21452),
(79, 66, 8948),
(79, 67, 31725),
(79, 68, 1251),
(79, 69, 14544),
(79, 70, 20810),
(79, 71, 18703),
(79, 72, 17492),
(79, 73, 30774),
(79, 74, 17195),
(79, 75, 26480),
(79, 76, 103),
(79, 77, 9376),
(79, 78, 10565),
(79, 79, 19287),
(79, 80, 2387),
(79, 81, 1591),
(79, 82, 16559),
(79, 83, 15566),
(79, 84, 18701),
(79, 85, 22765),
(79, 86, 10272),
(79, 87, 10243),
(79, 88, 25114),
(79, 89, 16390),
(79, 90, 5471),
(79, 91, 19694),
(79, 92, 12449),
(79, 93, 4822),
(79, 94, 32506),
(79, 95, 4660),
(79, 96, 25028),
(79, 97, 26316),
(79, 98, 3643),
(79, 99, 32587),
(79, 100, 5424),
(80, 1, 31407),
(80, 2, 27992),
(80, 3, 8671),
(80, 4, 15603),
(80, 5, 26408),
(80, 6, 17898),
(80, 7, 25205),
(80, 8, 12175),
(80, 9, 14465),
(80, 10, 928),
(80, 11, 3151),
(80, 12, 8268),
(80, 13, 21932),
(80, 14, 12085),
(80, 15, 3215),
(80, 16, 29138),
(80, 17, 22663),
(80, 18, 30111),
(80, 19, 11423),
(80, 20, 5878),
(80, 21, 15198),
(80, 22, 12170),
(80, 23, 19407),
(80, 24, 30165),
(80, 25, 32689),
(80, 26, 32004),
(80, 27, 23616),
(80, 28, 287),
(80, 29, 12856),
(80, 30, 18810),
(80, 31, 9986),
(80, 32, 31670),
(80, 33, 28709),
(80, 34, 19427),
(80, 35, 7033),
(80, 36, 6776),
(80, 37, 20905),
(80, 38, 22331),
(80, 39, 11781),
(80, 40, 30808),
(80, 41, 23993),
(80, 42, 3891),
(80, 43, 2529),
(80, 44, 4276),
(80, 45, 27410),
(80, 46, 21799),
(80, 47, 6732),
(80, 48, 13283),
(80, 49, 4731),
(80, 50, 336),
(80, 51, 12007),
(80, 52, 10765),
(80, 53, 5706),
(80, 54, 15419),
(80, 55, 16223),
(80, 56, 30783),
(80, 57, 25385),
(80, 58, 3193),
(80, 59, 4683),
(80, 60, 31678),
(80, 61, 3610),
(80, 62, 27801),
(80, 63, 19288),
(80, 64, 20380),
(80, 65, 29625),
(80, 66, 32083),
(80, 67, 9379),
(80, 68, 12426),
(80, 69, 23745),
(80, 70, 10246),
(80, 71, 22374),
(80, 72, 21229),
(80, 73, 19410),
(80, 74, 17765),
(80, 75, 30679),
(80, 76, 24372),
(80, 77, 22642),
(80, 78, 7276),
(80, 79, 18509),
(80, 80, 2152),
(80, 81, 15185),
(80, 82, 19866),
(80, 83, 18341),
(80, 84, 28932),
(80, 85, 28625),
(80, 86, 32346),
(80, 87, 32484),
(80, 88, 21000),
(80, 89, 3781),
(80, 90, 22722),
(80, 91, 21021),
(80, 92, 6217),
(80, 93, 18041),
(80, 94, 13183),
(80, 95, 22678),
(80, 96, 27659),
(80, 97, 5108),
(80, 98, 30224),
(80, 99, 38),
(80, 100, 22225)
INSERT ProductCost (ProductID, ShopID, Cost)VALUES
(81, 1, 8569),
(81, 2, 3379),
(81, 3, 32737),
(81, 4, 31604),
(81, 5, 28244),
(81, 6, 925),
(81, 7, 24056),
(81, 8, 5235),
(81, 9, 9171),
(81, 10, 4846),
(81, 11, 3290),
(81, 12, 11402),
(81, 13, 15250),
(81, 14, 16612),
(81, 15, 25503),
(81, 16, 17798),
(81, 17, 23291),
(81, 18, 23759),
(81, 19, 30119),
(81, 20, 24919),
(81, 21, 2062),
(81, 22, 28997),
(81, 23, 3454),
(81, 24, 8551),
(81, 25, 7006),
(81, 26, 32278),
(81, 27, 20227),
(81, 28, 28714),
(81, 29, 4956),
(81, 30, 3714),
(81, 31, 17610),
(81, 32, 26871),
(81, 33, 11480),
(81, 34, 32682),
(81, 35, 23742),
(81, 36, 29206),
(81, 37, 25797),
(81, 38, 2885),
(81, 39, 6155),
(81, 40, 15642),
(81, 41, 18237),
(81, 42, 27284),
(81, 43, 29243),
(81, 44, 8560),
(81, 45, 12229),
(81, 46, 9624),
(81, 47, 17310),
(81, 48, 1337),
(81, 49, 24273),
(81, 50, 25218),
(81, 51, 8944),
(81, 52, 18517),
(81, 53, 2187),
(81, 54, 18795),
(81, 55, 2614),
(81, 56, 26048),
(81, 57, 16592),
(81, 58, 20549),
(81, 59, 17129),
(81, 60, 16162),
(81, 61, 26747),
(81, 62, 786),
(81, 63, 23894),
(81, 64, 18081),
(81, 65, 32743),
(81, 66, 7252),
(81, 67, 14149),
(81, 68, 31482),
(81, 69, 687),
(81, 70, 452),
(81, 71, 21977),
(81, 72, 27088),
(81, 73, 12472),
(81, 74, 31046),
(81, 75, 5815),
(81, 76, 11332),
(81, 77, 26738),
(81, 78, 10781),
(81, 79, 31850),
(81, 80, 4549),
(81, 81, 30298),
(81, 82, 15963),
(81, 83, 6663),
(81, 84, 27945),
(81, 85, 32196),
(81, 86, 14492),
(81, 87, 25100),
(81, 88, 14333),
(81, 89, 24279),
(81, 90, 20980),
(81, 91, 23694),
(81, 92, 26),
(81, 93, 15833),
(81, 94, 29734),
(81, 95, 2196),
(81, 96, 21369),
(81, 97, 4013),
(81, 98, 9239),
(81, 99, 27838),
(81, 100, 7753),
(82, 1, 20377),
(82, 2, 28802),
(82, 3, 6954),
(82, 4, 12094),
(82, 5, 16973),
(82, 6, 14572),
(82, 7, 11415),
(82, 8, 22059),
(82, 9, 27169),
(82, 10, 24795),
(82, 11, 30411),
(82, 12, 20691),
(82, 13, 4255),
(82, 14, 17219),
(82, 15, 563),
(82, 16, 31229),
(82, 17, 2369),
(82, 18, 31297),
(82, 19, 714),
(82, 20, 28358),
(82, 21, 4475),
(82, 22, 20235),
(82, 23, 22587),
(82, 24, 7739),
(82, 25, 29180),
(82, 26, 26152),
(82, 27, 22858),
(82, 28, 30503),
(82, 29, 17714),
(82, 30, 31708),
(82, 31, 28272),
(82, 32, 10282),
(82, 33, 1804),
(82, 34, 17639),
(82, 35, 16325),
(82, 36, 9739),
(82, 37, 20995),
(82, 38, 18287),
(82, 39, 31268),
(82, 40, 27727),
(82, 41, 27995),
(82, 42, 16442),
(82, 43, 28553),
(82, 44, 11275),
(82, 45, 4262),
(82, 46, 26656),
(82, 47, 5821),
(82, 48, 23798),
(82, 49, 139),
(82, 50, 11712),
(82, 51, 11830),
(82, 52, 25794),
(82, 53, 26821),
(82, 54, 14195),
(82, 55, 1592),
(82, 56, 18605),
(82, 57, 5998),
(82, 58, 16766),
(82, 59, 13889),
(82, 60, 7507),
(82, 61, 32126),
(82, 62, 11404),
(82, 63, 16804),
(82, 64, 10438),
(82, 65, 6287),
(82, 66, 20571),
(82, 67, 28532),
(82, 68, 27360),
(82, 69, 10723),
(82, 70, 26293),
(82, 71, 22947),
(82, 72, 32728),
(82, 73, 24231),
(82, 74, 8866),
(82, 75, 30571),
(82, 76, 4372),
(82, 77, 19833),
(82, 78, 18396),
(82, 79, 9965),
(82, 80, 18494),
(82, 81, 27945),
(82, 82, 22147),
(82, 83, 31257),
(82, 84, 30874),
(82, 85, 26812),
(82, 86, 7954),
(82, 87, 19149),
(82, 88, 29335),
(82, 89, 29879),
(82, 90, 21138),
(82, 91, 23105),
(82, 92, 13732),
(82, 93, 2458),
(82, 94, 25357),
(82, 95, 32674),
(82, 96, 29764),
(82, 97, 10154),
(82, 98, 18502),
(82, 99, 10749),
(82, 100, 7781),
(83, 1, 2035),
(83, 2, 31911),
(83, 3, 14687),
(83, 4, 26094),
(83, 5, 24206),
(83, 6, 18043),
(83, 7, 29499),
(83, 8, 29079),
(83, 9, 4640),
(83, 10, 8541),
(83, 11, 5643),
(83, 12, 12797),
(83, 13, 3235),
(83, 14, 23536),
(83, 15, 20538),
(83, 16, 3318),
(83, 17, 2409),
(83, 18, 15825),
(83, 19, 7746),
(83, 20, 21281),
(83, 21, 1117),
(83, 22, 18890),
(83, 23, 21522),
(83, 24, 13250),
(83, 25, 11917),
(83, 26, 28745),
(83, 27, 21938),
(83, 28, 8909),
(83, 29, 3045),
(83, 30, 17936),
(83, 31, 17193),
(83, 32, 25921),
(83, 33, 7741),
(83, 34, 4909),
(83, 35, 7071),
(83, 36, 14263),
(83, 37, 16791),
(83, 38, 20013),
(83, 39, 7103),
(83, 40, 17211),
(83, 41, 7585),
(83, 42, 22413),
(83, 43, 23391),
(83, 44, 21594),
(83, 45, 20610),
(83, 46, 2417),
(83, 47, 28259),
(83, 48, 2172),
(83, 49, 14034),
(83, 50, 28568),
(83, 51, 3294),
(83, 52, 25973),
(83, 53, 29930),
(83, 54, 15248),
(83, 55, 1659),
(83, 56, 3926),
(83, 57, 9567),
(83, 58, 18726),
(83, 59, 1308),
(83, 60, 4233),
(83, 61, 20681),
(83, 62, 18209),
(83, 63, 25280),
(83, 64, 26653),
(83, 65, 4809),
(83, 66, 22576),
(83, 67, 5802),
(83, 68, 21086),
(83, 69, 4170),
(83, 70, 16416),
(83, 71, 32192),
(83, 72, 32681),
(83, 73, 8966),
(83, 74, 29010),
(83, 75, 561),
(83, 76, 11646),
(83, 77, 24140),
(83, 78, 3693),
(83, 79, 26202),
(83, 80, 21975),
(83, 81, 20737),
(83, 82, 13392),
(83, 83, 14059),
(83, 84, 26808),
(83, 85, 10470),
(83, 86, 8267),
(83, 87, 10309),
(83, 88, 17416),
(83, 89, 6936),
(83, 90, 1678),
(83, 91, 25383),
(83, 92, 23967),
(83, 93, 13789),
(83, 94, 11489),
(83, 95, 1162),
(83, 96, 21408),
(83, 97, 32669),
(83, 98, 7574),
(83, 99, 21705),
(83, 100, 22281),
(84, 1, 1839),
(84, 2, 1724),
(84, 3, 31237),
(84, 4, 9352),
(84, 5, 18775),
(84, 6, 6550),
(84, 7, 10696),
(84, 8, 32657),
(84, 9, 3980),
(84, 10, 32332),
(84, 11, 7656),
(84, 12, 25517),
(84, 13, 11262),
(84, 14, 12255),
(84, 15, 20655),
(84, 16, 24597),
(84, 17, 14039),
(84, 18, 21602),
(84, 19, 17464),
(84, 20, 20863),
(84, 21, 12481),
(84, 22, 25960),
(84, 23, 22812),
(84, 24, 28216),
(84, 25, 11945),
(84, 26, 15545),
(84, 27, 30799),
(84, 28, 22643),
(84, 29, 29379),
(84, 30, 22857),
(84, 31, 5188),
(84, 32, 10977),
(84, 33, 5839),
(84, 34, 28778),
(84, 35, 17752),
(84, 36, 13185),
(84, 37, 11162),
(84, 38, 8000),
(84, 39, 1389),
(84, 40, 20666),
(84, 41, 29127),
(84, 42, 20597),
(84, 43, 20181),
(84, 44, 9383),
(84, 45, 4047),
(84, 46, 10799),
(84, 47, 8819),
(84, 48, 4786),
(84, 49, 26951),
(84, 50, 6207),
(84, 51, 14620),
(84, 52, 15204),
(84, 53, 31586),
(84, 54, 18076),
(84, 55, 25667),
(84, 56, 27259),
(84, 57, 25270),
(84, 58, 8207),
(84, 59, 25046),
(84, 60, 11069),
(84, 61, 28227),
(84, 62, 9519),
(84, 63, 10083),
(84, 64, 30477),
(84, 65, 25521),
(84, 66, 12176),
(84, 67, 26751),
(84, 68, 12860),
(84, 69, 22745),
(84, 70, 30008),
(84, 71, 23656),
(84, 72, 27425),
(84, 73, 18055),
(84, 74, 24658),
(84, 75, 1769),
(84, 76, 3948),
(84, 77, 14462),
(84, 78, 3879),
(84, 79, 2174),
(84, 80, 2999),
(84, 81, 16061),
(84, 82, 4169),
(84, 83, 14777),
(84, 84, 2398),
(84, 85, 1025),
(84, 86, 12049),
(84, 87, 5604),
(84, 88, 16017),
(84, 89, 11659),
(84, 90, 25676),
(84, 91, 14568),
(84, 92, 1191),
(84, 93, 26659),
(84, 94, 16178),
(84, 95, 29806),
(84, 96, 10421),
(84, 97, 18013),
(84, 98, 23192),
(84, 99, 16451),
(84, 100, 10848),
(85, 1, 21531),
(85, 2, 12902),
(85, 3, 2561),
(85, 4, 23791),
(85, 5, 851),
(85, 6, 27978),
(85, 7, 10220),
(85, 8, 7845),
(85, 9, 22035),
(85, 10, 28334),
(85, 11, 29466),
(85, 12, 6733),
(85, 13, 27074),
(85, 14, 17640),
(85, 15, 19671),
(85, 16, 18198),
(85, 17, 18344),
(85, 18, 18353),
(85, 19, 4935),
(85, 20, 6817),
(85, 21, 7857),
(85, 22, 31449),
(85, 23, 18765),
(85, 24, 8537),
(85, 25, 19053),
(85, 26, 2361),
(85, 27, 30124),
(85, 28, 28931),
(85, 29, 19292),
(85, 30, 27624),
(85, 31, 32108),
(85, 32, 10645),
(85, 33, 5225),
(85, 34, 4530),
(85, 35, 32128),
(85, 36, 30796),
(85, 37, 20916),
(85, 38, 6853),
(85, 39, 26533),
(85, 40, 20729),
(85, 41, 3220),
(85, 42, 31918),
(85, 43, 26253),
(85, 44, 20892),
(85, 45, 20701),
(85, 46, 8836),
(85, 47, 19773),
(85, 48, 1075),
(85, 49, 14174),
(85, 50, 23907),
(85, 51, 5556),
(85, 52, 29396),
(85, 53, 31150),
(85, 54, 14620),
(85, 55, 13005),
(85, 56, 16890),
(85, 57, 29481),
(85, 58, 2347),
(85, 59, 14694),
(85, 60, 17693),
(85, 61, 13109),
(85, 62, 16874),
(85, 63, 9410),
(85, 64, 16773),
(85, 65, 1226),
(85, 66, 29188),
(85, 67, 14892),
(85, 68, 21343),
(85, 69, 3889),
(85, 70, 28715),
(85, 71, 20445),
(85, 72, 10513),
(85, 73, 29707),
(85, 74, 4366),
(85, 75, 31520),
(85, 76, 2251),
(85, 77, 3734),
(85, 78, 31109),
(85, 79, 27060),
(85, 80, 21598),
(85, 81, 14380),
(85, 82, 24847),
(85, 83, 27250),
(85, 84, 32594),
(85, 85, 13836),
(85, 86, 22655),
(85, 87, 26927),
(85, 88, 11058),
(85, 89, 13405),
(85, 90, 26866),
(85, 91, 25060),
(85, 92, 24107),
(85, 93, 29296),
(85, 94, 7940),
(85, 95, 3853),
(85, 96, 2006),
(85, 97, 1094),
(85, 98, 22084),
(85, 99, 22350),
(85, 100, 18513),
(86, 1, 19794),
(86, 2, 22757),
(86, 3, 15964),
(86, 4, 11668),
(86, 5, 6271),
(86, 6, 10166),
(86, 7, 23835),
(86, 8, 23298),
(86, 9, 29045),
(86, 10, 32340),
(86, 11, 9476),
(86, 12, 20287),
(86, 13, 8984),
(86, 14, 26525),
(86, 15, 29386),
(86, 16, 15426),
(86, 17, 32594),
(86, 18, 30313),
(86, 19, 13373),
(86, 20, 9643),
(86, 21, 21523),
(86, 22, 30325),
(86, 23, 9582),
(86, 24, 14678),
(86, 25, 12694),
(86, 26, 10656),
(86, 27, 26900),
(86, 28, 5680),
(86, 29, 26085),
(86, 30, 25946),
(86, 31, 46),
(86, 32, 30025),
(86, 33, 20895),
(86, 34, 9305),
(86, 35, 25834),
(86, 36, 26923),
(86, 37, 31225),
(86, 38, 24717),
(86, 39, 19654),
(86, 40, 10091),
(86, 41, 31747),
(86, 42, 18775),
(86, 43, 22005),
(86, 44, 4221),
(86, 45, 17709),
(86, 46, 10742),
(86, 47, 9220),
(86, 48, 27084),
(86, 49, 13577),
(86, 50, 5186),
(86, 51, 12221),
(86, 52, 32266),
(86, 53, 3154),
(86, 54, 9116),
(86, 55, 20044),
(86, 56, 6085),
(86, 57, 19758),
(86, 58, 27685),
(86, 59, 13216),
(86, 60, 2620),
(86, 61, 28848),
(86, 62, 27182),
(86, 63, 29716),
(86, 64, 15472),
(86, 65, 5537),
(86, 66, 1520),
(86, 67, 18767),
(86, 68, 27262),
(86, 69, 3200),
(86, 70, 32637),
(86, 71, 7784),
(86, 72, 4395),
(86, 73, 25799),
(86, 74, 22263),
(86, 75, 10062),
(86, 76, 14273),
(86, 77, 24432),
(86, 78, 1280),
(86, 79, 1896),
(86, 80, 3098),
(86, 81, 27320),
(86, 82, 6001),
(86, 83, 19320),
(86, 84, 1274),
(86, 85, 2851),
(86, 86, 1615),
(86, 87, 15045),
(86, 88, 32418),
(86, 89, 21952),
(86, 90, 21755),
(86, 91, 17273),
(86, 92, 1441),
(86, 93, 24494),
(86, 94, 21416),
(86, 95, 1608),
(86, 96, 17390),
(86, 97, 18143),
(86, 98, 5394),
(86, 99, 17746),
(86, 100, 17460),
(87, 1, 14364),
(87, 2, 27758),
(87, 3, 14923),
(87, 4, 32621),
(87, 5, 5705),
(87, 6, 1948),
(87, 7, 6105),
(87, 8, 26802),
(87, 9, 9963),
(87, 10, 31140),
(87, 11, 14909),
(87, 12, 27473),
(87, 13, 26599),
(87, 14, 18784),
(87, 15, 19254),
(87, 16, 3873),
(87, 17, 29324),
(87, 18, 22646),
(87, 19, 23842),
(87, 20, 14098),
(87, 21, 4052),
(87, 22, 13962),
(87, 23, 16743),
(87, 24, 11784),
(87, 25, 25063),
(87, 26, 13489),
(87, 27, 7697),
(87, 28, 30186),
(87, 29, 18145),
(87, 30, 19752),
(87, 31, 1725),
(87, 32, 3317),
(87, 33, 22741),
(87, 34, 13126),
(87, 35, 7349),
(87, 36, 7511),
(87, 37, 12050),
(87, 38, 8111),
(87, 39, 31324),
(87, 40, 19193),
(87, 41, 17573),
(87, 42, 11467),
(87, 43, 28109),
(87, 44, 5020),
(87, 45, 10271),
(87, 46, 22390),
(87, 47, 18111),
(87, 48, 29991),
(87, 49, 22680),
(87, 50, 30713),
(87, 51, 15276),
(87, 52, 20031),
(87, 53, 29683),
(87, 54, 18233),
(87, 55, 10802),
(87, 56, 11545),
(87, 57, 6756),
(87, 58, 17455),
(87, 59, 14009),
(87, 60, 140),
(87, 61, 11056),
(87, 62, 3480),
(87, 63, 3926),
(87, 64, 24427),
(87, 65, 16052),
(87, 66, 1006),
(87, 67, 21999),
(87, 68, 23057),
(87, 69, 425),
(87, 70, 18326),
(87, 71, 30112),
(87, 72, 2621),
(87, 73, 21926),
(87, 74, 26459),
(87, 75, 26462),
(87, 76, 21793),
(87, 77, 23270),
(87, 78, 21275),
(87, 79, 10714),
(87, 80, 5045),
(87, 81, 18252),
(87, 82, 26304),
(87, 83, 28840),
(87, 84, 5457),
(87, 85, 11940),
(87, 86, 8562),
(87, 87, 20129),
(87, 88, 12411),
(87, 89, 8236),
(87, 90, 23820),
(87, 91, 24454),
(87, 92, 22014),
(87, 93, 15699),
(87, 94, 6604),
(87, 95, 13542),
(87, 96, 23100),
(87, 97, 11712),
(87, 98, 12878),
(87, 99, 2625),
(87, 100, 26820),
(88, 1, 5270),
(88, 2, 3003),
(88, 3, 1133),
(88, 4, 22055),
(88, 5, 27383),
(88, 6, 5694),
(88, 7, 57),
(88, 8, 17416),
(88, 9, 25543),
(88, 10, 12727),
(88, 11, 13393),
(88, 12, 19315),
(88, 13, 15538),
(88, 14, 19124),
(88, 15, 10849),
(88, 16, 8560),
(88, 17, 8304),
(88, 18, 17309),
(88, 19, 21373),
(88, 20, 27095),
(88, 21, 32327),
(88, 22, 32302),
(88, 23, 15297),
(88, 24, 11365),
(88, 25, 31442),
(88, 26, 6442),
(88, 27, 8500),
(88, 28, 8208),
(88, 29, 24066),
(88, 30, 13902),
(88, 31, 29170),
(88, 32, 16536),
(88, 33, 8802),
(88, 34, 23684),
(88, 35, 30091),
(88, 36, 25183),
(88, 37, 2463),
(88, 38, 19034),
(88, 39, 9638),
(88, 40, 14458),
(88, 41, 23111),
(88, 42, 19634),
(88, 43, 31210),
(88, 44, 264),
(88, 45, 10961),
(88, 46, 28091),
(88, 47, 11038),
(88, 48, 19394),
(88, 49, 24030),
(88, 50, 4128),
(88, 51, 12686),
(88, 52, 3796),
(88, 53, 13246),
(88, 54, 19071),
(88, 55, 689),
(88, 56, 32236),
(88, 57, 5430),
(88, 58, 5916),
(88, 59, 21002),
(88, 60, 22416),
(88, 61, 31616),
(88, 62, 11223),
(88, 63, 22860),
(88, 64, 7348),
(88, 65, 6548),
(88, 66, 3675),
(88, 67, 27585),
(88, 68, 26252),
(88, 69, 10918),
(88, 70, 14489),
(88, 71, 22764),
(88, 72, 20127),
(88, 73, 2544),
(88, 74, 24949),
(88, 75, 25198),
(88, 76, 7453),
(88, 77, 30641),
(88, 78, 15806),
(88, 79, 18726),
(88, 80, 12658),
(88, 81, 12150),
(88, 82, 19812),
(88, 83, 13724),
(88, 84, 22811),
(88, 85, 13208),
(88, 86, 2277),
(88, 87, 32672),
(88, 88, 2232),
(88, 89, 29190),
(88, 90, 777),
(88, 91, 6446),
(88, 92, 11107),
(88, 93, 9796),
(88, 94, 21199),
(88, 95, 8341),
(88, 96, 31809),
(88, 97, 7348),
(88, 98, 22951),
(88, 99, 24024),
(88, 100, 7766),
(89, 1, 15125),
(89, 2, 14817),
(89, 3, 12117),
(89, 4, 26270),
(89, 5, 29257),
(89, 6, 4454),
(89, 7, 10660),
(89, 8, 3161),
(89, 9, 32091),
(89, 10, 19622),
(89, 11, 28354),
(89, 12, 13222),
(89, 13, 4544),
(89, 14, 9681),
(89, 15, 111),
(89, 16, 1619),
(89, 17, 25821),
(89, 18, 9290),
(89, 19, 4564),
(89, 20, 20212),
(89, 21, 10954),
(89, 22, 12377),
(89, 23, 7273),
(89, 24, 18994),
(89, 25, 29270),
(89, 26, 3872),
(89, 27, 15382),
(89, 28, 8806),
(89, 29, 587),
(89, 30, 23248),
(89, 31, 5785),
(89, 32, 18791),
(89, 33, 7155),
(89, 34, 19228),
(89, 35, 21031),
(89, 36, 9375),
(89, 37, 18138),
(89, 38, 25070),
(89, 39, 24406),
(89, 40, 16229),
(89, 41, 2518),
(89, 42, 20569),
(89, 43, 6714),
(89, 44, 30599),
(89, 45, 13637),
(89, 46, 10192),
(89, 47, 1742),
(89, 48, 22565),
(89, 49, 8854),
(89, 50, 11157),
(89, 51, 11414),
(89, 52, 5830),
(89, 53, 3339),
(89, 54, 22131),
(89, 55, 21891),
(89, 56, 26277),
(89, 57, 26556),
(89, 58, 26800),
(89, 59, 13335),
(89, 60, 5708),
(89, 61, 21728),
(89, 62, 4670),
(89, 63, 13513),
(89, 64, 11108),
(89, 65, 8776),
(89, 66, 3377),
(89, 67, 32427),
(89, 68, 28876),
(89, 69, 28460),
(89, 70, 15478),
(89, 71, 26442),
(89, 72, 10984),
(89, 73, 24362),
(89, 74, 8897),
(89, 75, 24022),
(89, 76, 26172),
(89, 77, 32396),
(89, 78, 17863),
(89, 79, 4483),
(89, 80, 5177),
(89, 81, 15306),
(89, 82, 20910),
(89, 83, 22318),
(89, 84, 27222),
(89, 85, 6735),
(89, 86, 4289),
(89, 87, 4676),
(89, 88, 14179),
(89, 89, 640),
(89, 90, 2921),
(89, 91, 9440),
(89, 92, 8986),
(89, 93, 21243),
(89, 94, 25688),
(89, 95, 11059),
(89, 96, 3064),
(89, 97, 5916),
(89, 98, 17672),
(89, 99, 1577),
(89, 100, 30539),
(90, 1, 1734),
(90, 2, 28260),
(90, 3, 31049),
(90, 4, 18315),
(90, 5, 13152),
(90, 6, 16837),
(90, 7, 24542),
(90, 8, 11501),
(90, 9, 1565),
(90, 10, 22047),
(90, 11, 15700),
(90, 12, 1078),
(90, 13, 29569),
(90, 14, 28029),
(90, 15, 11492),
(90, 16, 6093),
(90, 17, 2081),
(90, 18, 24234),
(90, 19, 29812),
(90, 20, 30485),
(90, 21, 12970),
(90, 22, 18225),
(90, 23, 16056),
(90, 24, 22521),
(90, 25, 28452),
(90, 26, 6536),
(90, 27, 16542),
(90, 28, 14025),
(90, 29, 14200),
(90, 30, 23433),
(90, 31, 19945),
(90, 32, 10308),
(90, 33, 23856),
(90, 34, 10529),
(90, 35, 8475),
(90, 36, 4598),
(90, 37, 12415),
(90, 38, 20300),
(90, 39, 23193),
(90, 40, 15556),
(90, 41, 6273),
(90, 42, 4929),
(90, 43, 31498),
(90, 44, 30149),
(90, 45, 195),
(90, 46, 31209),
(90, 47, 23808),
(90, 48, 12627),
(90, 49, 16390),
(90, 50, 9110),
(90, 51, 29146),
(90, 52, 25698),
(90, 53, 23616),
(90, 54, 4082),
(90, 55, 17897),
(90, 56, 2065),
(90, 57, 20452),
(90, 58, 24118),
(90, 59, 4049),
(90, 60, 31615),
(90, 61, 13411),
(90, 62, 23964),
(90, 63, 20274),
(90, 64, 14304),
(90, 65, 30195),
(90, 66, 534),
(90, 67, 16008),
(90, 68, 2768),
(90, 69, 29839),
(90, 70, 4416),
(90, 71, 7248),
(90, 72, 19174),
(90, 73, 13887),
(90, 74, 7059),
(90, 75, 3949),
(90, 76, 14989),
(90, 77, 3737),
(90, 78, 5596),
(90, 79, 10953),
(90, 80, 3343),
(90, 81, 24456),
(90, 82, 9965),
(90, 83, 21567),
(90, 84, 16883),
(90, 85, 22348),
(90, 86, 32147),
(90, 87, 4793),
(90, 88, 19081),
(90, 89, 20418),
(90, 90, 17096),
(90, 91, 1941),
(90, 92, 11715),
(90, 93, 13030),
(90, 94, 31785),
(90, 95, 5966),
(90, 96, 7750),
(90, 97, 2198),
(90, 98, 29354),
(90, 99, 1368),
(90, 100, 14017)
INSERT ProductCost (ProductID, ShopID, Cost)VALUES
(91, 1, 4505),
(91, 2, 29064),
(91, 3, 1867),
(91, 4, 20606),
(91, 5, 5087),
(91, 6, 29055),
(91, 7, 4932),
(91, 8, 10295),
(91, 9, 15370),
(91, 10, 1086),
(91, 11, 28040),
(91, 12, 17706),
(91, 13, 14382),
(91, 14, 5144),
(91, 15, 14699),
(91, 16, 22127),
(91, 17, 28629),
(91, 18, 19452),
(91, 19, 4465),
(91, 20, 31370),
(91, 21, 32071),
(91, 22, 15271),
(91, 23, 27314),
(91, 24, 9533),
(91, 25, 19464),
(91, 26, 3096),
(91, 27, 18307),
(91, 28, 6048),
(91, 29, 161),
(91, 30, 22596),
(91, 31, 32082),
(91, 32, 7795),
(91, 33, 3491),
(91, 34, 32268),
(91, 35, 4562),
(91, 36, 2738),
(91, 37, 6634),
(91, 38, 31596),
(91, 39, 29529),
(91, 40, 6250),
(91, 41, 7199),
(91, 42, 11253),
(91, 43, 4230),
(91, 44, 14284),
(91, 45, 20352),
(91, 46, 31357),
(91, 47, 4902),
(91, 48, 27775),
(91, 49, 26084),
(91, 50, 23317),
(91, 51, 16984),
(91, 52, 14139),
(91, 53, 6905),
(91, 54, 8507),
(91, 55, 20464),
(91, 56, 15764),
(91, 57, 3281),
(91, 58, 1617),
(91, 59, 5402),
(91, 60, 9235),
(91, 61, 32157),
(91, 62, 29774),
(91, 63, 576),
(91, 64, 20107),
(91, 65, 25272),
(91, 66, 26804),
(91, 67, 17965),
(91, 68, 31402),
(91, 69, 25831),
(91, 70, 962),
(91, 71, 28786),
(91, 72, 26831),
(91, 73, 13791),
(91, 74, 6122),
(91, 75, 4872),
(91, 76, 1819),
(91, 77, 24327),
(91, 78, 19845),
(91, 79, 10040),
(91, 80, 21195),
(91, 81, 28032),
(91, 82, 11974),
(91, 83, 14776),
(91, 84, 25541),
(91, 85, 8035),
(91, 86, 12268),
(91, 87, 8727),
(91, 88, 22128),
(91, 89, 30281),
(91, 90, 1980),
(91, 91, 18778),
(91, 92, 1993),
(91, 93, 21265),
(91, 94, 27695),
(91, 95, 17384),
(91, 96, 22452),
(91, 97, 32477),
(91, 98, 1896),
(91, 99, 17059),
(91, 100, 25999),
(92, 1, 17758),
(92, 2, 14568),
(92, 3, 8024),
(92, 4, 31501),
(92, 5, 1106),
(92, 6, 30469),
(92, 7, 2137),
(92, 8, 6466),
(92, 9, 21578),
(92, 10, 25752),
(92, 11, 3944),
(92, 12, 23546),
(92, 13, 11953),
(92, 14, 28407),
(92, 15, 8151),
(92, 16, 10063),
(92, 17, 13578),
(92, 18, 2083),
(92, 19, 8174),
(92, 20, 21371),
(92, 21, 32121),
(92, 22, 20802),
(92, 23, 16781),
(92, 24, 19178),
(92, 25, 2181),
(92, 26, 18767),
(92, 27, 17938),
(92, 28, 20116),
(92, 29, 17436),
(92, 30, 21520),
(92, 31, 14717),
(92, 32, 21641),
(92, 33, 16343),
(92, 34, 11592),
(92, 35, 26835),
(92, 36, 13517),
(92, 37, 30336),
(92, 38, 7215),
(92, 39, 6080),
(92, 40, 6247),
(92, 41, 20690),
(92, 42, 31519),
(92, 43, 14719),
(92, 44, 24245),
(92, 45, 17791),
(92, 46, 26512),
(92, 47, 12543),
(92, 48, 27906),
(92, 49, 14968),
(92, 50, 11846),
(92, 51, 23614),
(92, 52, 7258),
(92, 53, 2920),
(92, 54, 18377),
(92, 55, 28409),
(92, 56, 14749),
(92, 57, 22913),
(92, 58, 30998),
(92, 59, 24712),
(92, 60, 19411),
(92, 61, 2172),
(92, 62, 27796),
(92, 63, 28932),
(92, 64, 5311),
(92, 65, 3291),
(92, 66, 22345),
(92, 67, 2474),
(92, 68, 32695),
(92, 69, 28530),
(92, 70, 32334),
(92, 71, 31876),
(92, 72, 29363),
(92, 73, 10789),
(92, 74, 12416),
(92, 75, 26438),
(92, 76, 13731),
(92, 77, 16883),
(92, 78, 2169),
(92, 79, 15734),
(92, 80, 25606),
(92, 81, 16948),
(92, 82, 2751),
(92, 83, 15823),
(92, 84, 7352),
(92, 85, 32030),
(92, 86, 29754),
(92, 87, 22248),
(92, 88, 25611),
(92, 89, 13710),
(92, 90, 19692),
(92, 91, 16145),
(92, 92, 27674),
(92, 93, 5638),
(92, 94, 4828),
(92, 95, 17277),
(92, 96, 14170),
(92, 97, 6385),
(92, 98, 4435),
(92, 99, 4775),
(92, 100, 18802),
(93, 1, 17967),
(93, 2, 14411),
(93, 3, 1518),
(93, 4, 23117),
(93, 5, 27085),
(93, 6, 2085),
(93, 7, 11906),
(93, 8, 16237),
(93, 9, 10260),
(93, 10, 26010),
(93, 11, 10628),
(93, 12, 32642),
(93, 13, 4806),
(93, 14, 27124),
(93, 15, 32617),
(93, 16, 17467),
(93, 17, 9124),
(93, 18, 894),
(93, 19, 4768),
(93, 20, 7772),
(93, 21, 16435),
(93, 22, 31289),
(93, 23, 24948),
(93, 24, 20497),
(93, 25, 10944),
(93, 26, 11472),
(93, 27, 7987),
(93, 28, 4481),
(93, 29, 1186),
(93, 30, 6606),
(93, 31, 26768),
(93, 32, 935),
(93, 33, 17855),
(93, 34, 2319),
(93, 35, 5958),
(93, 36, 17757),
(93, 37, 19794),
(93, 38, 26996),
(93, 39, 30974),
(93, 40, 24250),
(93, 41, 28651),
(93, 42, 14043),
(93, 43, 28019),
(93, 44, 30366),
(93, 45, 9911),
(93, 46, 31823),
(93, 47, 12244),
(93, 48, 1675),
(93, 49, 17409),
(93, 50, 18043),
(93, 51, 20330),
(93, 52, 183),
(93, 53, 20729),
(93, 54, 6757),
(93, 55, 7034),
(93, 56, 7263),
(93, 57, 30900),
(93, 58, 17497),
(93, 59, 1645),
(93, 60, 15453),
(93, 61, 9333),
(93, 62, 4898),
(93, 63, 17454),
(93, 64, 9213),
(93, 65, 11563),
(93, 66, 21377),
(93, 67, 10196),
(93, 68, 28173),
(93, 69, 17978),
(93, 70, 8151),
(93, 71, 1153),
(93, 72, 31283),
(93, 73, 1406),
(93, 74, 22565),
(93, 75, 5513),
(93, 76, 17540),
(93, 77, 11405),
(93, 78, 22070),
(93, 79, 12759),
(93, 80, 23377),
(93, 81, 5949),
(93, 82, 12827),
(93, 83, 20109),
(93, 84, 26436),
(93, 85, 29543),
(93, 86, 10968),
(93, 87, 5355),
(93, 88, 31148),
(93, 89, 9706),
(93, 90, 1885),
(93, 91, 3954),
(93, 92, 5398),
(93, 93, 242),
(93, 94, 952),
(93, 95, 12873),
(93, 96, 9245),
(93, 97, 12154),
(93, 98, 7816),
(93, 99, 17119),
(93, 100, 21123),
(94, 1, 31247),
(94, 2, 23221),
(94, 3, 25298),
(94, 4, 31872),
(94, 5, 18647),
(94, 6, 18782),
(94, 7, 16912),
(94, 8, 10329),
(94, 9, 1747),
(94, 10, 28691),
(94, 11, 15420),
(94, 12, 15925),
(94, 13, 19041),
(94, 14, 24389),
(94, 15, 25939),
(94, 16, 29229),
(94, 17, 26373),
(94, 18, 3322),
(94, 19, 18831),
(94, 20, 5282),
(94, 21, 19560),
(94, 22, 18373),
(94, 23, 25739),
(94, 24, 15571),
(94, 25, 22177),
(94, 26, 22006),
(94, 27, 5033),
(94, 28, 430),
(94, 29, 29620),
(94, 30, 5390),
(94, 31, 1969),
(94, 32, 13543),
(94, 33, 16984),
(94, 34, 11638),
(94, 35, 31162),
(94, 36, 21576),
(94, 37, 3582),
(94, 38, 11888),
(94, 39, 10062),
(94, 40, 9544),
(94, 41, 19470),
(94, 42, 9805),
(94, 43, 22985),
(94, 44, 11998),
(94, 45, 32372),
(94, 46, 2785),
(94, 47, 32002),
(94, 48, 1431),
(94, 49, 8027),
(94, 50, 1588),
(94, 51, 2349),
(94, 52, 7655),
(94, 53, 31288),
(94, 54, 31610),
(94, 55, 17408),
(94, 56, 6332),
(94, 57, 5643),
(94, 58, 22597),
(94, 59, 7445),
(94, 60, 15961),
(94, 61, 5346),
(94, 62, 1530),
(94, 63, 10640),
(94, 64, 7010),
(94, 65, 11422),
(94, 66, 3969),
(94, 67, 769),
(94, 68, 29747),
(94, 69, 7417),
(94, 70, 20289),
(94, 71, 3468),
(94, 72, 630),
(94, 73, 18120),
(94, 74, 14668),
(94, 75, 26951),
(94, 76, 12533),
(94, 77, 18558),
(94, 78, 5590),
(94, 79, 4835),
(94, 80, 18860),
(94, 81, 17394),
(94, 82, 16364),
(94, 83, 30607),
(94, 84, 18979),
(94, 85, 12642),
(94, 86, 15459),
(94, 87, 25),
(94, 88, 20987),
(94, 89, 25527),
(94, 90, 15630),
(94, 91, 22358),
(94, 92, 24518),
(94, 93, 8714),
(94, 94, 25652),
(94, 95, 28613),
(94, 96, 20508),
(94, 97, 31336),
(94, 98, 23616),
(94, 99, 3183),
(94, 100, 21227),
(95, 1, 12754),
(95, 2, 6075),
(95, 3, 20753),
(95, 4, 19214),
(95, 5, 30088),
(95, 6, 19832),
(95, 7, 7549),
(95, 8, 19489),
(95, 9, 12680),
(95, 10, 1294),
(95, 11, 14398),
(95, 12, 10900),
(95, 13, 12369),
(95, 14, 18315),
(95, 15, 3195),
(95, 16, 20991),
(95, 17, 26604),
(95, 18, 18535),
(95, 19, 32542),
(95, 20, 21941),
(95, 21, 6189),
(95, 22, 6839),
(95, 23, 7988),
(95, 24, 28572),
(95, 25, 7735),
(95, 26, 18083),
(95, 27, 13719),
(95, 28, 24892),
(95, 29, 8510),
(95, 30, 21274),
(95, 31, 30667),
(95, 32, 27413),
(95, 33, 31889),
(95, 34, 6085),
(95, 35, 25127),
(95, 36, 20022),
(95, 37, 2775),
(95, 38, 27449),
(95, 39, 32053),
(95, 40, 3083),
(95, 41, 13976),
(95, 42, 368),
(95, 43, 4699),
(95, 44, 22647),
(95, 45, 29696),
(95, 46, 3706),
(95, 47, 5050),
(95, 48, 29218),
(95, 49, 2016),
(95, 50, 368),
(95, 51, 15190),
(95, 52, 21781),
(95, 53, 16374),
(95, 54, 27562),
(95, 55, 9591),
(95, 56, 31620),
(95, 57, 110),
(95, 58, 26673),
(95, 59, 27216),
(95, 60, 8426),
(95, 61, 19112),
(95, 62, 6007),
(95, 63, 31455),
(95, 64, 15196),
(95, 65, 8508),
(95, 66, 838),
(95, 67, 17684),
(95, 68, 7958),
(95, 69, 27964),
(95, 70, 32503),
(95, 71, 25397),
(95, 72, 91),
(95, 73, 18617),
(95, 74, 22500),
(95, 75, 23169),
(95, 76, 18300),
(95, 77, 21128),
(95, 78, 27168),
(95, 79, 11540),
(95, 80, 27446),
(95, 81, 28485),
(95, 82, 28005),
(95, 83, 17162),
(95, 84, 17728),
(95, 85, 7065),
(95, 86, 3661),
(95, 87, 28391),
(95, 88, 5413),
(95, 89, 13241),
(95, 90, 10181),
(95, 91, 4407),
(95, 92, 9552),
(95, 93, 21551),
(95, 94, 12479),
(95, 95, 8049),
(95, 96, 18021),
(95, 97, 14301),
(95, 98, 12840),
(95, 99, 4641),
(95, 100, 5336),
(96, 1, 14143),
(96, 2, 22810),
(96, 3, 32326),
(96, 4, 15544),
(96, 5, 19696),
(96, 6, 31058),
(96, 7, 24057),
(96, 8, 12235),
(96, 9, 17264),
(96, 10, 5092),
(96, 11, 19536),
(96, 12, 480),
(96, 13, 28708),
(96, 14, 13869),
(96, 15, 14466),
(96, 16, 24417),
(96, 17, 8094),
(96, 18, 17674),
(96, 19, 21580),
(96, 20, 21032),
(96, 21, 5919),
(96, 22, 2119),
(96, 23, 16787),
(96, 24, 18579),
(96, 25, 20314),
(96, 26, 2651),
(96, 27, 17226),
(96, 28, 4827),
(96, 29, 19579),
(96, 30, 8274),
(96, 31, 30102),
(96, 32, 19105),
(96, 33, 14184),
(96, 34, 11786),
(96, 35, 20784),
(96, 36, 22730),
(96, 37, 7239),
(96, 38, 31394),
(96, 39, 32268),
(96, 40, 3469),
(96, 41, 29248),
(96, 42, 10544),
(96, 43, 14648),
(96, 44, 32458),
(96, 45, 20612),
(96, 46, 10674),
(96, 47, 20998),
(96, 48, 8350),
(96, 49, 29838),
(96, 50, 13896),
(96, 51, 621),
(96, 52, 19508),
(96, 53, 32169),
(96, 54, 12448),
(96, 55, 9901),
(96, 56, 10462),
(96, 57, 434),
(96, 58, 29617),
(96, 59, 6194),
(96, 60, 11108),
(96, 61, 24351),
(96, 62, 28076),
(96, 63, 12219),
(96, 64, 8092),
(96, 65, 28736),
(96, 66, 5679),
(96, 67, 12987),
(96, 68, 28730),
(96, 69, 965),
(96, 70, 5308),
(96, 71, 12287),
(96, 72, 8426),
(96, 73, 16001),
(96, 74, 11115),
(96, 75, 3986),
(96, 76, 11932),
(96, 77, 19053),
(96, 78, 14811),
(96, 79, 23006),
(96, 80, 18975),
(96, 81, 30448),
(96, 82, 27758),
(96, 83, 31251),
(96, 84, 8434),
(96, 85, 11869),
(96, 86, 27574),
(96, 87, 32717),
(96, 88, 10327),
(96, 89, 25790),
(96, 90, 8234),
(96, 91, 9201),
(96, 92, 7848),
(96, 93, 25552),
(96, 94, 24094),
(96, 95, 5335),
(96, 96, 14062),
(96, 97, 6222),
(96, 98, 3570),
(96, 99, 19887),
(96, 100, 8880),
(97, 1, 17522),
(97, 2, 9353),
(97, 3, 32029),
(97, 4, 28169),
(97, 5, 15290),
(97, 6, 32764),
(97, 7, 16167),
(97, 8, 25085),
(97, 9, 3048),
(97, 10, 31888),
(97, 11, 11857),
(97, 12, 24845),
(97, 13, 14156),
(97, 14, 21990),
(97, 15, 4102),
(97, 16, 29193),
(97, 17, 25669),
(97, 18, 10354),
(97, 19, 8250),
(97, 20, 27942),
(97, 21, 9734),
(97, 22, 10030),
(97, 23, 16462),
(97, 24, 32593),
(97, 25, 17046),
(97, 26, 22928),
(97, 27, 3380),
(97, 28, 30658),
(97, 29, 6682),
(97, 30, 30137),
(97, 31, 8403),
(97, 32, 5075),
(97, 33, 4951),
(97, 34, 10991),
(97, 35, 685),
(97, 36, 15635),
(97, 37, 12659),
(97, 38, 28749),
(97, 39, 3007),
(97, 40, 28054),
(97, 41, 14075),
(97, 42, 11193),
(97, 43, 16808),
(97, 44, 11920),
(97, 45, 31275),
(97, 46, 17687),
(97, 47, 27918),
(97, 48, 25890),
(97, 49, 20073),
(97, 50, 31164),
(97, 51, 28478),
(97, 52, 24948),
(97, 53, 10002),
(97, 54, 1062),
(97, 55, 6930),
(97, 56, 25604),
(97, 57, 22393),
(97, 58, 27626),
(97, 59, 5400),
(97, 60, 3390),
(97, 61, 5165),
(97, 62, 4589),
(97, 63, 32496),
(97, 64, 27468),
(97, 65, 6523),
(97, 66, 19671),
(97, 67, 29174),
(97, 68, 6703),
(97, 69, 6964),
(97, 70, 10693),
(97, 71, 3362),
(97, 72, 10767),
(97, 73, 25009),
(97, 74, 9535),
(97, 75, 6700),
(97, 76, 16335),
(97, 77, 14355),
(97, 78, 28777),
(97, 79, 3571),
(97, 80, 9189),
(97, 81, 4047),
(97, 82, 5757),
(97, 83, 26655),
(97, 84, 13161),
(97, 85, 32107),
(97, 86, 5752),
(97, 87, 13829),
(97, 88, 26475),
(97, 89, 29314),
(97, 90, 17684),
(97, 91, 15564),
(97, 92, 26250),
(97, 93, 22798),
(97, 94, 2807),
(97, 95, 3790),
(97, 96, 21698),
(97, 97, 29671),
(97, 98, 21290),
(97, 99, 4161),
(97, 100, 21894),
(98, 1, 10374),
(98, 2, 15820),
(98, 3, 12055),
(98, 4, 29711),
(98, 5, 5647),
(98, 6, 27400),
(98, 7, 21026),
(98, 8, 26099),
(98, 9, 7567),
(98, 10, 29252),
(98, 11, 17276),
(98, 12, 23545),
(98, 13, 16257),
(98, 14, 22939),
(98, 15, 6694),
(98, 16, 21804),
(98, 17, 29336),
(98, 18, 8590),
(98, 19, 26351),
(98, 20, 10286),
(98, 21, 22456),
(98, 22, 14582),
(98, 23, 10392),
(98, 24, 14031),
(98, 25, 28485),
(98, 26, 27965),
(98, 27, 19253),
(98, 28, 32734),
(98, 29, 13217),
(98, 30, 10958),
(98, 31, 14038),
(98, 32, 832),
(98, 33, 15600),
(98, 34, 8650),
(98, 35, 12647),
(98, 36, 11326),
(98, 37, 21023),
(98, 38, 8957),
(98, 39, 6101),
(98, 40, 13859),
(98, 41, 2852),
(98, 42, 18704),
(98, 43, 12915),
(98, 44, 16135),
(98, 45, 26759),
(98, 46, 16896),
(98, 47, 10395),
(98, 48, 31974),
(98, 49, 1057),
(98, 50, 19663),
(98, 51, 22424),
(98, 52, 18677),
(98, 53, 16164),
(98, 54, 16249),
(98, 55, 4291),
(98, 56, 30005),
(98, 57, 4443),
(98, 58, 10537),
(98, 59, 749),
(98, 60, 8264),
(98, 61, 23987),
(98, 62, 25773),
(98, 63, 21245),
(98, 64, 31620),
(98, 65, 28667),
(98, 66, 12071),
(98, 67, 10202),
(98, 68, 14150),
(98, 69, 2024),
(98, 70, 5894),
(98, 71, 11660),
(98, 72, 2440),
(98, 73, 5468),
(98, 74, 22325),
(98, 75, 21406),
(98, 76, 694),
(98, 77, 2535),
(98, 78, 29330),
(98, 79, 19142),
(98, 80, 9406),
(98, 81, 25487),
(98, 82, 9122),
(98, 83, 1480),
(98, 84, 28775),
(98, 85, 21708),
(98, 86, 29827),
(98, 87, 16791),
(98, 88, 23779),
(98, 89, 11735),
(98, 90, 4898),
(98, 91, 22717),
(98, 92, 28071),
(98, 93, 27428),
(98, 94, 13742),
(98, 95, 26110),
(98, 96, 23162),
(98, 97, 3373),
(98, 98, 9036),
(98, 99, 31288),
(98, 100, 32204),
(99, 1, 7538),
(99, 2, 13580),
(99, 3, 27022),
(99, 4, 32074),
(99, 5, 1214),
(99, 6, 25371),
(99, 7, 29637),
(99, 8, 24751),
(99, 9, 5803),
(99, 10, 12859),
(99, 11, 19438),
(99, 12, 2781),
(99, 13, 30312),
(99, 14, 5489),
(99, 15, 17222),
(99, 16, 18732),
(99, 17, 14522),
(99, 18, 6141),
(99, 19, 7002),
(99, 20, 27906),
(99, 21, 26433),
(99, 22, 25487),
(99, 23, 17263),
(99, 24, 9124),
(99, 25, 18685),
(99, 26, 30392),
(99, 27, 1312),
(99, 28, 75),
(99, 29, 5137),
(99, 30, 8095),
(99, 31, 25673),
(99, 32, 27771),
(99, 33, 27846),
(99, 34, 3829),
(99, 35, 13860),
(99, 36, 29328),
(99, 37, 21970),
(99, 38, 5931),
(99, 39, 13234),
(99, 40, 5786),
(99, 41, 30171),
(99, 42, 27618),
(99, 43, 2909),
(99, 44, 12650),
(99, 45, 22071),
(99, 46, 30115),
(99, 47, 13787),
(99, 48, 493),
(99, 49, 32502),
(99, 50, 3536),
(99, 51, 4693),
(99, 52, 26809),
(99, 53, 5154),
(99, 54, 14042),
(99, 55, 3529),
(99, 56, 486),
(99, 57, 22597),
(99, 58, 9397),
(99, 59, 22957),
(99, 60, 4383),
(99, 61, 14380),
(99, 62, 10633),
(99, 63, 30165),
(99, 64, 29688),
(99, 65, 17387),
(99, 66, 23211),
(99, 67, 4502),
(99, 68, 3714),
(99, 69, 14625),
(99, 70, 459),
(99, 71, 2092),
(99, 72, 26142),
(99, 73, 637),
(99, 74, 11887),
(99, 75, 31833),
(99, 76, 24206),
(99, 77, 20609),
(99, 78, 31648),
(99, 79, 22351),
(99, 80, 19794),
(99, 81, 12166),
(99, 82, 24034),
(99, 83, 11984),
(99, 84, 22321),
(99, 85, 16129),
(99, 86, 3434),
(99, 87, 22164),
(99, 88, 19478),
(99, 89, 28164),
(99, 90, 24716),
(99, 91, 8427),
(99, 92, 29981),
(99, 93, 24840),
(99, 94, 10867),
(99, 95, 4771),
(99, 96, 2286),
(99, 97, 25833),
(99, 98, 29204),
(99, 99, 3628),
(99, 100, 14922),
(100, 1, 4914),
(100, 2, 5476),
(100, 3, 14842),
(100, 4, 5347),
(100, 5, 2971),
(100, 6, 11465),
(100, 7, 9771),
(100, 8, 7281),
(100, 9, 26320),
(100, 10, 17103),
(100, 11, 30058),
(100, 12, 25090),
(100, 13, 18036),
(100, 14, 13341),
(100, 15, 3347),
(100, 16, 913),
(100, 17, 9830),
(100, 18, 19367),
(100, 19, 4247),
(100, 20, 18907),
(100, 21, 21315),
(100, 22, 28453),
(100, 23, 11299),
(100, 24, 22638),
(100, 25, 10796),
(100, 26, 28611),
(100, 27, 29308),
(100, 28, 9219),
(100, 29, 1481),
(100, 30, 21274),
(100, 31, 21038),
(100, 32, 8973),
(100, 33, 31885),
(100, 34, 10335),
(100, 35, 26085),
(100, 36, 27794),
(100, 37, 21564),
(100, 38, 15834),
(100, 39, 9243),
(100, 40, 14650),
(100, 41, 20139),
(100, 42, 19098),
(100, 43, 12787),
(100, 44, 31398),
(100, 45, 13256),
(100, 46, 24680),
(100, 47, 23909),
(100, 48, 32002),
(100, 49, 15577),
(100, 50, 14841),
(100, 51, 668),
(100, 52, 18142),
(100, 53, 17673),
(100, 54, 14696),
(100, 55, 24732),
(100, 56, 11065),
(100, 57, 25376),
(100, 58, 10979),
(100, 59, 8488),
(100, 60, 16863),
(100, 61, 20626),
(100, 62, 8100),
(100, 63, 6115),
(100, 64, 14838),
(100, 65, 16827),
(100, 66, 29986),
(100, 67, 31925),
(100, 68, 15059),
(100, 69, 4969),
(100, 70, 23689),
(100, 71, 9584),
(100, 72, 18194),
(100, 73, 29083),
(100, 74, 30312),
(100, 75, 692),
(100, 76, 21989),
(100, 77, 23432),
(100, 78, 22186),
(100, 79, 25616),
(100, 80, 5804),
(100, 81, 10467),
(100, 82, 1224),
(100, 83, 18281),
(100, 84, 4806),
(100, 85, 29790),
(100, 86, 19517),
(100, 87, 14240),
(100, 88, 8615),
(100, 89, 3949),
(100, 90, 28985),
(100, 91, 32367),
(100, 92, 25387),
(100, 93, 25420),
(100, 94, 7577),
(100, 95, 11668),
(100, 96, 13354),
(100, 97, 25411),
(100, 98, 6679),
(100, 99, 17202),
(100, 100, 20813)


INSERT Purchase (ID, MemberID)VALUES
(1, 1),
(2, 2),
(3, 3),
(4, 4),
(5, 5),
(6, 6),
(7, 7),
(8, 8),
(9, 9),
(10, 10),
(11, 11),
(12, 12),
(13, 13),
(14, 14),
(15, 15),
(16, 16),
(17, 17),
(18, 18),
(19, 19),
(20, 20),
(21, 21),
(22, 22),
(23, 23),
(24, 24),
(25, 25),
(26, 26),
(27, 27),
(28, 28),
(29, 29),
(30, 30),
(31, 31),
(32, 32),
(33, 33),
(34, 34),
(35, 35),
(36, 36),
(37, 37),
(38, 38),
(39, 39),
(40, 40),
(41, 41),
(42, 42),
(43, 43),
(44, 44),
(45, 45),
(46, 46),
(47, 47),
(48, 48),
(49, 49),
(50, 50),
(51, 51),
(52, 52),
(53, 53),
(54, 54),
(55, 55),
(56, 56),
(57, 57),
(58, 58),
(59, 59),
(60, 60),
(61, 61),
(62, 62),
(63, 63),
(64, 64),
(65, 65),
(66, 66),
(67, 67),
(68, 68),
(69, 69),
(70, 70),
(71, 71),
(72, 72),
(73, 73),
(74, 74),
(75, 75),
(76, 76),
(77, 77),
(78, 78),
(79, 79),
(80, 80),
(81, 81),
(82, 82),
(83, 83),
(84, 84),
(85, 85),
(86, 86),
(87, 87),
(88, 88),
(89, 89),
(90, 90),
(91, 91),
(92, 92),
(93, 93),
(94, 94),
(95, 95),
(96, 96),
(97, 97),
(98, 98),
(99, 99),
(100, 100)

INSERT PurchaseItem (PurchaseID, ProductID, ShopID)VALUES
(1, 20, 74),
(1, 43, 100),
(1, 59, 90),
(1, 66, 28),
(1, 66, 81),
(1, 75, 50),
(1, 12, 84),
(1, 10, 16),
(1, 89, 68),
(1, 66, 80),
(1, 97, 7),
(1, 79, 15),
(1, 89, 51),
(1, 49, 72),
(1, 27, 65),
(1, 8, 49),
(1, 57, 85),
(1, 23, 33),
(1, 45, 78),
(1, 89, 2),
(1, 44, 100),
(1, 54, 73),
(1, 54, 85),
(1, 78, 12),
(1, 32, 17),
(1, 51, 91),
(1, 5, 23),
(1, 48, 98),
(1, 22, 81),
(1, 70, 14),
(1, 14, 91),
(1, 90, 86),
(1, 60, 31),
(1, 75, 60),
(1, 10, 85),
(1, 26, 88),
(1, 57, 27),
(2, 92, 3),
(2, 53, 42),
(2, 16, 61),
(2, 57, 77),
(2, 43, 44),
(2, 41, 52),
(2, 7, 67),
(2, 72, 99),
(2, 71, 41),
(2, 65, 13),
(2, 2, 84),
(2, 26, 45),
(2, 23, 24),
(2, 90, 49),
(2, 62, 28),
(2, 28, 31),
(3, 75, 35),
(3, 24, 96),
(3, 80, 97),
(3, 94, 89),
(3, 70, 10),
(3, 66, 75),
(3, 7, 57),
(3, 46, 55),
(3, 9, 52),
(3, 49, 86),
(3, 48, 7),
(3, 77, 82),
(3, 32, 65),
(3, 43, 31),
(3, 8, 21),
(3, 87, 68),
(3, 92, 75),
(3, 57, 84),
(3, 57, 8),
(3, 65, 44),
(3, 27, 64),
(3, 43, 89),
(3, 15, 35),
(3, 78, 3),
(3, 94, 46),
(3, 41, 36),
(3, 56, 2),
(3, 50, 53),
(3, 25, 85),
(3, 79, 96),
(3, 90, 68),
(3, 11, 65),
(3, 3, 9),
(3, 82, 86),
(3, 3, 50),
(3, 59, 49),
(3, 95, 13),
(3, 53, 59),
(3, 16, 97),
(3, 7, 35),
(3, 91, 61),
(3, 13, 63),
(3, 14, 60),
(3, 72, 71),
(3, 37, 56),
(3, 77, 92),
(3, 91, 83),
(3, 77, 91),
(3, 82, 95),
(3, 47, 93),
(3, 71, 65),
(3, 62, 41),
(3, 13, 61),
(3, 80, 56),
(3, 19, 83),
(3, 84, 76),
(3, 66, 77),
(3, 8, 40),
(3, 14, 35),
(3, 50, 75),
(3, 8, 19),
(3, 32, 48),
(4, 57, 15),
(4, 27, 73),
(4, 22, 77),
(4, 19, 94),
(4, 63, 69),
(4, 48, 37),
(4, 72, 59),
(4, 78, 5),
(4, 25, 91),
(4, 34, 2),
(4, 59, 81),
(4, 97, 70),
(4, 46, 8),
(4, 9, 100),
(4, 55, 18),
(4, 18, 73),
(4, 51, 24),
(4, 63, 68),
(4, 81, 74),
(4, 54, 97),
(4, 64, 85),
(4, 10, 57),
(4, 24, 47),
(4, 52, 35),
(4, 23, 15),
(4, 40, 35),
(4, 7, 41),
(4, 64, 32),
(4, 3, 28),
(4, 29, 55),
(4, 90, 82),
(4, 41, 86),
(4, 67, 24),
(4, 93, 37),
(4, 65, 92),
(4, 32, 20),
(4, 4, 99),
(4, 51, 40),
(4, 20, 94),
(4, 22, 39),
(4, 50, 94),
(4, 35, 66),
(4, 93, 50),
(4, 6, 25),
(4, 43, 62),
(4, 17, 86),
(4, 56, 86),
(4, 45, 89),
(4, 2, 81),
(4, 40, 72),
(4, 30, 54),
(4, 60, 57),
(4, 46, 74),
(4, 71, 84),
(4, 91, 87),
(4, 57, 79),
(4, 25, 85),
(4, 92, 23),
(4, 85, 16),
(4, 38, 73),
(4, 33, 85),
(4, 72, 13),
(4, 82, 84),
(5, 45, 84),
(5, 73, 35),
(5, 53, 92),
(5, 98, 21),
(5, 63, 97),
(5, 29, 31),
(5, 48, 39),
(5, 49, 94),
(5, 64, 39),
(5, 15, 44),
(5, 50, 13),
(5, 97, 38),
(5, 58, 60),
(5, 1, 50),
(5, 1, 62),
(5, 35, 84),
(5, 17, 68),
(5, 53, 43),
(5, 21, 36),
(5, 26, 42),
(5, 34, 85),
(5, 29, 70),
(5, 71, 53),
(5, 69, 41),
(5, 63, 66),
(5, 25, 77),
(6, 100, 2),
(6, 19, 44),
(6, 10, 29),
(6, 18, 56),
(6, 69, 65),
(6, 19, 86),
(6, 21, 56),
(6, 94, 4),
(6, 16, 54),
(6, 43, 22),
(6, 16, 47),
(6, 79, 82),
(6, 67, 86),
(6, 53, 17),
(6, 65, 98),
(6, 35, 17),
(6, 12, 54),
(6, 81, 22),
(6, 36, 30),
(6, 6, 1),
(6, 70, 39),
(6, 75, 6),
(6, 95, 4),
(6, 81, 24),
(6, 32, 91),
(6, 79, 89),
(6, 32, 10),
(6, 47, 96),
(6, 100, 91),
(6, 27, 7),
(6, 95, 36),
(6, 3, 32),
(6, 34, 95),
(6, 57, 71),
(6, 61, 81),
(6, 89, 33),
(6, 10, 93),
(6, 91, 52),
(6, 69, 23),
(6, 85, 31),
(6, 94, 69),
(6, 13, 63),
(6, 19, 55),
(6, 87, 25),
(6, 61, 54),
(6, 70, 42),
(6, 52, 34),
(6, 13, 89),
(6, 21, 48),
(6, 75, 56),
(6, 56, 57),
(6, 64, 62),
(6, 2, 29),
(6, 70, 11),
(6, 89, 30),
(6, 87, 16),
(6, 69, 33),
(6, 13, 8),
(6, 85, 29),
(6, 29, 3),
(6, 22, 17),
(6, 9, 87),
(6, 7, 68),
(6, 95, 20),
(6, 82, 75),
(6, 47, 36),
(6, 66, 83),
(6, 57, 75),
(6, 18, 88),
(6, 30, 59),
(6, 72, 93),
(7, 57, 1),
(7, 81, 77),
(7, 37, 99),
(7, 38, 13),
(7, 18, 99),
(7, 37, 50),
(7, 34, 52),
(7, 98, 94),
(7, 38, 15),
(7, 68, 52),
(7, 7, 33),
(7, 72, 10),
(7, 14, 97),
(7, 9, 17),
(7, 68, 6),
(7, 5, 44),
(7, 93, 44),
(7, 69, 68),
(7, 3, 71),
(7, 52, 59),
(7, 7, 92),
(7, 12, 34),
(7, 80, 91),
(7, 46, 61),
(7, 39, 36),
(7, 67, 56),
(7, 93, 6),
(7, 98, 85),
(7, 86, 76),
(7, 92, 51),
(7, 94, 14),
(7, 85, 5),
(7, 59, 28),
(7, 17, 75),
(7, 67, 46),
(7, 79, 89),
(7, 94, 100),
(7, 64, 89),
(7, 73, 70),
(7, 28, 61),
(7, 44, 22),
(7, 45, 78),
(7, 61, 92),
(7, 40, 55),
(7, 54, 19),
(7, 76, 97),
(7, 5, 54),
(7, 24, 95),
(7, 41, 66),
(7, 4, 28),
(7, 92, 22),
(7, 30, 4),
(7, 100, 78),
(7, 70, 20),
(7, 70, 77),
(7, 21, 22),
(7, 61, 1),
(7, 74, 21),
(7, 50, 96),
(7, 67, 31),
(7, 4, 84),
(7, 85, 87),
(7, 43, 6),
(7, 36, 29),
(7, 33, 36),
(7, 62, 79),
(7, 96, 12),
(7, 62, 19),
(7, 76, 20),
(7, 5, 55),
(7, 12, 84),
(7, 80, 11),
(7, 68, 33),
(7, 23, 17),
(7, 86, 43),
(7, 21, 25),
(7, 25, 60),
(7, 40, 80),
(7, 45, 34),
(8, 47, 83),
(8, 4, 61),
(8, 49, 27),
(8, 20, 77),
(8, 13, 74),
(8, 77, 84),
(8, 79, 70),
(8, 37, 24),
(8, 78, 37),
(8, 87, 44),
(8, 67, 87),
(8, 30, 79),
(8, 4, 28),
(8, 21, 77),
(8, 51, 56),
(8, 18, 67),
(8, 44, 5),
(8, 34, 22),
(8, 43, 24),
(8, 31, 92),
(8, 13, 78),
(8, 66, 82),
(8, 34, 60),
(8, 47, 57),
(8, 96, 36),
(8, 75, 68),
(8, 90, 90),
(9, 56, 42),
(9, 56, 35),
(9, 9, 17),
(9, 80, 51),
(9, 48, 74),
(9, 83, 66),
(9, 40, 25),
(9, 17, 56),
(9, 66, 53),
(9, 67, 41),
(9, 99, 87),
(9, 78, 34),
(9, 34, 34),
(9, 61, 43),
(9, 85, 84),
(9, 86, 14),
(9, 83, 64),
(9, 93, 72),
(9, 40, 97),
(9, 14, 11),
(9, 78, 2),
(9, 82, 88),
(9, 59, 94),
(9, 11, 98),
(9, 7, 30),
(9, 75, 47),
(9, 39, 32),
(9, 38, 13),
(9, 30, 94),
(9, 11, 43),
(10, 57, 83),
(10, 41, 57),
(10, 37, 67),
(10, 13, 90),
(10, 24, 12),
(10, 87, 47),
(10, 16, 30),
(11, 57, 77),
(11, 56, 95),
(11, 12, 73),
(11, 6, 84),
(11, 61, 80),
(11, 46, 88),
(11, 4, 30),
(11, 9, 52),
(11, 28, 60),
(11, 97, 86),
(11, 11, 93),
(11, 85, 13),
(11, 90, 8),
(11, 80, 64),
(11, 93, 20),
(11, 89, 21),
(11, 43, 37),
(11, 54, 54),
(11, 42, 6),
(11, 35, 4),
(11, 8, 40),
(11, 94, 28),
(11, 81, 54),
(11, 53, 91),
(11, 89, 18),
(12, 43, 51),
(12, 16, 28),
(12, 50, 87),
(12, 25, 92),
(12, 34, 33),
(12, 75, 94),
(12, 59, 54),
(12, 99, 81),
(12, 27, 58),
(12, 88, 31),
(12, 8, 40),
(12, 12, 48),
(12, 52, 98),
(12, 46, 60),
(12, 9, 37),
(12, 13, 96),
(13, 45, 27),
(13, 72, 62),
(13, 4, 65),
(13, 46, 41),
(13, 73, 100),
(13, 36, 46),
(13, 33, 54),
(13, 76, 69),
(13, 93, 69),
(13, 63, 18),
(13, 14, 66),
(13, 54, 71),
(13, 22, 17),
(13, 30, 3),
(13, 44, 58),
(13, 45, 56),
(13, 30, 50),
(13, 23, 98),
(13, 73, 66),
(13, 78, 6),
(13, 51, 99),
(13, 86, 38),
(13, 57, 55),
(13, 100, 54),
(13, 24, 47),
(13, 89, 76),
(13, 97, 97),
(13, 17, 51),
(13, 57, 84),
(13, 4, 80),
(13, 18, 45),
(13, 5, 77),
(13, 31, 96),
(13, 90, 75),
(13, 4, 28),
(13, 75, 87),
(13, 22, 19),
(13, 62, 83),
(13, 4, 53),
(13, 45, 89),
(13, 90, 43),
(13, 38, 8),
(13, 53, 99),
(13, 92, 83),
(13, 35, 90),
(13, 99, 63),
(13, 68, 37),
(13, 86, 52),
(13, 77, 84),
(13, 27, 34),
(13, 100, 12),
(14, 19, 71),
(14, 49, 97),
(14, 97, 22),
(14, 62, 55),
(14, 49, 77),
(14, 92, 77),
(14, 33, 29),
(14, 74, 30),
(14, 86, 71),
(14, 30, 71),
(14, 95, 91),
(14, 41, 5),
(14, 79, 34),
(14, 56, 71),
(14, 41, 91),
(14, 96, 89),
(14, 36, 15),
(14, 100, 61),
(14, 27, 27),
(14, 74, 48),
(14, 66, 82),
(14, 6, 77),
(14, 78, 24),
(14, 86, 41),
(14, 94, 34),
(14, 67, 90),
(14, 38, 95),
(14, 56, 66),
(14, 80, 75),
(14, 17, 30),
(14, 25, 42),
(14, 77, 32),
(14, 77, 14),
(14, 68, 12),
(14, 38, 77),
(14, 43, 54),
(14, 34, 33),
(14, 28, 60),
(14, 11, 49),
(14, 30, 89),
(14, 74, 13),
(14, 85, 95),
(14, 75, 60),
(14, 22, 85),
(14, 68, 93),
(14, 61, 12),
(14, 32, 43),
(14, 82, 80),
(14, 59, 94),
(14, 18, 61),
(14, 51, 39),
(14, 66, 38),
(14, 32, 22),
(14, 65, 12),
(14, 27, 37),
(14, 26, 75),
(14, 99, 91),
(14, 32, 2),
(14, 70, 6),
(14, 77, 24),
(14, 27, 26),
(14, 29, 92),
(14, 56, 28),
(14, 91, 13),
(14, 73, 65),
(14, 76, 60),
(14, 77, 19),
(14, 95, 90),
(14, 49, 28),
(14, 93, 92),
(14, 47, 88),
(14, 18, 94),
(15, 72, 45),
(15, 89, 19),
(15, 39, 46),
(15, 93, 14),
(15, 19, 12),
(15, 99, 95),
(15, 75, 78),
(15, 61, 72),
(15, 10, 16),
(15, 23, 71),
(15, 65, 17),
(15, 84, 27),
(15, 41, 80),
(15, 74, 84),
(15, 2, 18),
(15, 88, 27),
(15, 40, 63),
(15, 37, 24),
(15, 13, 83),
(15, 37, 70),
(15, 55, 91),
(15, 29, 32),
(15, 35, 40),
(15, 64, 70),
(15, 86, 60),
(15, 96, 32),
(15, 43, 30),
(15, 11, 40),
(15, 42, 62),
(15, 2, 46),
(15, 83, 73),
(15, 41, 23),
(15, 58, 46),
(15, 9, 22),
(15, 26, 87),
(15, 55, 67),
(15, 39, 70),
(15, 26, 13),
(15, 60, 74),
(15, 78, 47),
(15, 12, 16),
(16, 65, 86),
(16, 32, 37),
(16, 3, 75),
(16, 15, 59),
(16, 8, 17),
(16, 27, 18),
(16, 25, 99),
(16, 58, 86),
(16, 83, 6),
(16, 7, 86),
(16, 62, 59),
(16, 41, 23),
(16, 32, 38),
(16, 80, 42),
(16, 4, 29),
(16, 80, 21),
(16, 98, 76),
(16, 77, 82),
(16, 86, 73),
(16, 95, 96),
(16, 70, 32),
(16, 75, 14),
(16, 73, 81),
(16, 2, 97),
(16, 94, 64),
(16, 44, 93),
(16, 22, 53),
(16, 51, 71),
(16, 29, 12),
(16, 33, 38),
(16, 85, 59),
(16, 16, 24),
(16, 24, 88),
(16, 41, 78),
(16, 71, 12),
(16, 90, 42),
(16, 4, 97),
(16, 52, 39),
(16, 6, 54),
(16, 31, 74),
(16, 25, 87),
(16, 12, 12),
(16, 76, 56),
(16, 49, 56),
(16, 65, 34),
(16, 79, 95),
(16, 59, 34),
(16, 48, 77),
(16, 31, 44),
(16, 94, 54),
(16, 55, 26),
(16, 69, 24),
(16, 37, 64),
(16, 92, 58),
(16, 75, 43),
(16, 81, 14),
(16, 47, 51),
(16, 94, 35),
(16, 60, 46),
(16, 34, 66),
(16, 37, 90),
(16, 44, 25),
(16, 34, 68),
(16, 62, 49),
(16, 65, 37),
(16, 30, 97),
(16, 78, 97),
(16, 62, 50),
(16, 94, 27),
(16, 45, 62),
(16, 44, 92),
(16, 92, 55),
(16, 14, 100),
(16, 89, 80),
(16, 51, 13),
(16, 74, 27),
(16, 93, 41),
(16, 70, 1),
(16, 24, 66),
(16, 81, 50),
(16, 95, 31),
(17, 98, 24),
(17, 77, 19),
(17, 8, 6),
(17, 71, 86),
(17, 97, 41),
(17, 51, 15),
(17, 81, 1),
(17, 97, 74),
(17, 6, 79),
(17, 85, 32),
(17, 46, 65),
(17, 58, 76),
(17, 83, 44),
(17, 7, 20),
(17, 58, 57),
(17, 84, 16),
(17, 85, 96),
(17, 32, 31),
(17, 72, 98),
(17, 34, 86),
(17, 74, 62),
(17, 30, 29),
(17, 47, 74),
(17, 93, 68),
(17, 24, 95),
(17, 91, 93),
(17, 71, 75),
(17, 56, 51),
(17, 65, 37),
(17, 21, 52),
(17, 53, 74),
(17, 13, 10),
(17, 2, 86),
(17, 91, 10),
(17, 19, 68),
(17, 26, 86),
(17, 26, 71),
(17, 34, 5),
(17, 18, 17),
(17, 41, 24),
(17, 57, 49),
(17, 78, 31),
(17, 82, 32),
(17, 20, 73),
(17, 38, 7),
(17, 38, 88),
(17, 58, 52),
(17, 13, 17),
(17, 12, 46),
(17, 43, 55),
(17, 49, 14),
(17, 51, 37),
(17, 42, 79),
(17, 81, 32),
(17, 86, 60),
(17, 72, 61),
(17, 76, 69),
(17, 89, 20),
(17, 85, 100),
(18, 89, 1),
(18, 42, 51),
(18, 71, 85),
(18, 38, 79),
(18, 48, 17),
(18, 42, 32),
(18, 30, 87),
(18, 48, 2),
(18, 48, 78),
(18, 77, 66),
(18, 37, 39),
(18, 24, 74),
(18, 67, 46),
(18, 4, 8),
(18, 7, 12),
(18, 72, 86),
(18, 67, 47),
(18, 31, 76),
(18, 15, 31),
(18, 29, 29),
(18, 8, 12),
(18, 88, 31),
(18, 78, 31),
(19, 30, 18),
(19, 90, 21),
(19, 78, 10),
(19, 84, 47),
(19, 51, 12),
(19, 98, 67),
(19, 11, 71),
(19, 25, 13),
(19, 31, 81),
(19, 65, 8),
(19, 22, 13),
(19, 24, 32),
(19, 18, 1),
(19, 99, 62),
(19, 100, 49),
(19, 47, 85),
(19, 31, 72),
(19, 66, 90),
(19, 88, 11),
(19, 78, 86),
(19, 72, 86),
(19, 14, 14),
(19, 99, 12),
(19, 88, 78),
(19, 55, 34),
(19, 29, 98),
(19, 20, 56),
(19, 47, 3),
(19, 83, 90),
(19, 44, 58),
(19, 57, 56),
(19, 100, 75),
(19, 65, 21),
(19, 93, 95),
(19, 68, 33),
(19, 29, 49),
(19, 20, 62),
(19, 7, 30),
(19, 63, 63),
(19, 54, 27),
(19, 54, 74),
(19, 94, 68),
(19, 29, 68),
(19, 88, 38),
(19, 84, 62),
(19, 64, 97),
(19, 14, 14),
(19, 28, 39),
(19, 77, 38),
(19, 60, 60),
(19, 95, 72),
(19, 9, 2),
(19, 68, 43),
(20, 65, 51),
(20, 50, 39),
(20, 70, 78),
(20, 67, 49),
(20, 60, 10),
(20, 83, 95),
(20, 62, 69),
(20, 57, 88),
(20, 34, 5),
(20, 3, 96),
(20, 18, 55),
(20, 25, 6),
(20, 59, 44),
(20, 68, 88),
(20, 61, 93),
(20, 77, 14),
(20, 2, 68),
(20, 5, 36),
(20, 41, 13),
(20, 57, 98),
(21, 16, 88),
(21, 87, 80),
(21, 63, 5),
(21, 72, 4),
(21, 1, 69),
(21, 69, 22),
(21, 53, 46),
(21, 2, 10),
(21, 15, 71),
(21, 63, 43),
(22, 35, 92),
(22, 61, 7),
(22, 78, 13),
(22, 72, 55),
(22, 83, 12),
(22, 49, 50),
(22, 7, 96),
(22, 21, 38),
(22, 48, 34),
(22, 10, 85),
(22, 84, 44),
(22, 98, 97),
(22, 88, 48),
(22, 91, 17),
(22, 83, 20),
(22, 83, 65),
(22, 84, 22),
(22, 39, 64),
(22, 59, 70),
(22, 98, 64),
(22, 41, 71),
(22, 11, 1),
(22, 70, 17),
(22, 98, 89),
(22, 19, 56),
(22, 62, 52),
(22, 42, 46),
(22, 9, 4),
(22, 41, 50),
(22, 8, 24),
(22, 16, 24),
(22, 67, 52),
(22, 22, 58),
(22, 75, 59),
(22, 66, 20),
(22, 84, 39),
(22, 76, 12),
(22, 17, 61),
(23, 78, 11),
(23, 77, 21),
(23, 1, 91),
(23, 77, 29),
(23, 58, 82),
(23, 8, 36),
(23, 74, 6),
(23, 30, 86),
(23, 12, 63),
(23, 46, 48),
(23, 27, 71),
(23, 22, 46),
(23, 49, 21),
(23, 2, 49),
(23, 40, 78),
(23, 76, 20),
(23, 11, 37),
(23, 10, 26),
(23, 47, 26),
(23, 84, 94),
(23, 95, 89),
(23, 4, 94),
(23, 76, 100),
(23, 83, 28),
(23, 5, 78),
(23, 61, 10),
(23, 62, 61),
(23, 8, 3),
(23, 67, 71),
(23, 33, 2),
(23, 7, 57),
(23, 4, 75),
(23, 97, 83),
(23, 94, 40),
(23, 92, 63),
(23, 23, 46),
(23, 54, 47),
(23, 81, 88),
(23, 90, 89),
(23, 5, 14),
(23, 90, 18),
(24, 78, 72),
(24, 75, 6),
(24, 36, 63),
(24, 79, 31),
(24, 3, 98),
(24, 15, 14),
(24, 23, 23),
(24, 52, 84),
(24, 93, 61),
(24, 80, 54),
(24, 41, 67),
(24, 13, 13),
(24, 55, 39),
(24, 30, 96),
(24, 36, 98),
(24, 95, 69),
(24, 85, 46),
(24, 26, 24),
(24, 64, 9),
(24, 3, 21),
(24, 90, 12),
(24, 79, 69),
(24, 92, 72),
(24, 37, 88),
(24, 90, 40),
(24, 1, 42),
(25, 82, 49),
(25, 47, 58),
(25, 58, 61),
(25, 10, 33),
(25, 72, 50),
(25, 39, 7),
(25, 100, 62),
(25, 53, 63),
(25, 51, 35),
(25, 55, 91),
(25, 63, 4),
(25, 4, 16),
(25, 61, 26),
(25, 21, 96),
(25, 83, 41),
(25, 99, 52),
(25, 46, 89),
(25, 95, 67),
(25, 31, 54),
(25, 63, 26),
(25, 4, 46),
(25, 8, 39),
(25, 69, 73),
(25, 72, 34),
(25, 71, 97),
(25, 100, 14)
INSERT PurchaseItem (PurchaseID, ProductID, ShopID)VALUES
(25, 10, 19),
(25, 82, 10),
(25, 90, 57),
(25, 91, 21),
(25, 23, 50),
(25, 52, 86),
(25, 89, 71),
(25, 6, 39),
(25, 20, 96),
(25, 95, 14),
(25, 40, 74),
(25, 99, 93),
(25, 57, 62),
(25, 96, 97),
(25, 70, 30),
(25, 82, 69),
(25, 8, 86),
(25, 82, 56),
(25, 4, 21),
(25, 27, 91),
(25, 28, 69),
(25, 33, 27),
(25, 34, 9),
(25, 93, 34),
(25, 17, 98),
(25, 86, 80),
(25, 58, 84),
(25, 27, 33),
(25, 70, 89),
(25, 28, 78),
(25, 5, 78),
(25, 97, 12),
(25, 10, 73),
(25, 88, 91),
(25, 31, 15),
(25, 39, 14),
(25, 19, 2),
(25, 38, 42),
(25, 7, 14),
(25, 2, 70),
(25, 2, 20),
(25, 62, 78),
(25, 36, 55),
(25, 25, 75),
(25, 9, 66),
(25, 16, 13),
(25, 33, 85),
(25, 70, 18),
(25, 87, 100),
(25, 69, 22),
(25, 35, 37),
(25, 26, 19),
(25, 68, 98),
(25, 4, 4),
(25, 2, 61),
(25, 72, 16),
(25, 39, 70),
(25, 93, 72),
(25, 60, 70),
(25, 95, 93),
(25, 86, 49),
(25, 57, 15),
(25, 21, 27),
(25, 55, 23),
(25, 65, 99),
(25, 64, 66),
(25, 83, 84),
(25, 88, 94),
(25, 35, 23),
(26, 60, 82),
(26, 39, 84),
(26, 40, 36),
(26, 99, 79),
(26, 75, 26),
(26, 54, 48),
(26, 15, 100),
(26, 99, 73),
(26, 13, 22),
(26, 20, 99),
(26, 18, 99),
(26, 46, 22),
(26, 52, 29),
(26, 82, 17),
(26, 26, 18),
(26, 62, 32),
(26, 54, 32),
(26, 25, 21),
(26, 70, 89),
(26, 35, 63),
(26, 81, 58),
(26, 80, 88),
(26, 50, 28),
(26, 90, 89),
(26, 49, 28),
(26, 25, 73),
(26, 57, 43),
(26, 27, 24),
(26, 34, 97),
(26, 52, 75),
(26, 39, 67),
(26, 12, 90),
(26, 47, 26),
(26, 54, 16),
(26, 48, 19),
(26, 31, 80),
(26, 100, 24),
(26, 52, 42),
(26, 95, 96),
(26, 56, 79),
(26, 77, 1),
(26, 13, 13),
(26, 28, 25),
(26, 13, 53),
(26, 92, 43),
(26, 95, 34),
(26, 43, 20),
(26, 40, 62),
(26, 79, 17),
(26, 27, 47),
(26, 46, 14),
(26, 12, 7),
(26, 40, 8),
(26, 41, 4),
(26, 39, 19),
(26, 68, 71),
(26, 67, 51),
(26, 81, 96),
(26, 27, 12),
(26, 51, 81),
(26, 52, 23),
(26, 96, 10),
(26, 96, 15),
(26, 90, 88),
(26, 22, 32),
(26, 4, 88),
(26, 84, 51),
(26, 45, 11),
(26, 77, 70),
(26, 7, 76),
(26, 16, 1),
(26, 7, 45),
(26, 25, 30),
(26, 16, 33),
(26, 66, 28),
(26, 25, 66),
(26, 5, 38),
(26, 27, 87),
(26, 80, 62),
(26, 15, 56),
(26, 12, 48),
(26, 36, 20),
(26, 67, 37),
(26, 71, 75),
(26, 19, 51),
(26, 4, 24),
(26, 48, 79),
(26, 92, 5),
(26, 85, 96),
(26, 31, 42),
(26, 38, 30),
(26, 64, 18),
(27, 84, 6),
(27, 56, 19),
(27, 14, 86),
(27, 80, 71),
(27, 95, 53),
(27, 76, 64),
(27, 34, 9),
(27, 66, 34),
(27, 53, 38),
(27, 84, 74),
(27, 3, 34),
(27, 27, 52),
(27, 73, 17),
(27, 33, 30),
(27, 35, 53),
(27, 62, 100),
(27, 58, 81),
(27, 62, 61),
(27, 57, 89),
(27, 92, 89),
(27, 97, 14),
(27, 65, 51),
(27, 13, 79),
(27, 80, 89),
(27, 38, 43),
(27, 72, 17),
(27, 82, 89),
(27, 74, 90),
(27, 47, 24),
(27, 81, 40),
(27, 99, 69),
(27, 96, 8),
(27, 69, 17),
(27, 99, 96),
(27, 70, 51),
(27, 60, 42),
(27, 86, 93),
(27, 95, 54),
(27, 56, 94),
(27, 63, 32),
(27, 93, 68),
(27, 32, 22),
(27, 67, 83),
(27, 70, 47),
(27, 56, 70),
(27, 15, 9),
(27, 47, 60),
(27, 12, 5),
(27, 81, 2),
(27, 19, 29),
(27, 25, 75),
(27, 69, 9),
(27, 17, 91),
(27, 18, 52),
(27, 59, 85),
(27, 69, 64),
(27, 64, 18),
(27, 43, 41),
(27, 42, 63),
(27, 54, 7),
(27, 28, 23),
(27, 2, 15),
(27, 2, 48),
(27, 34, 79),
(27, 26, 88),
(27, 35, 19),
(27, 46, 53),
(27, 18, 79),
(27, 23, 41),
(27, 19, 50),
(27, 6, 99),
(27, 94, 97),
(27, 68, 62),
(27, 81, 9),
(27, 71, 25),
(27, 14, 61),
(27, 95, 79),
(27, 70, 87),
(27, 42, 40),
(27, 30, 93),
(27, 40, 59),
(27, 18, 83),
(27, 9, 21),
(27, 15, 43),
(27, 36, 5),
(27, 5, 40),
(27, 96, 66),
(27, 44, 78),
(27, 61, 34),
(27, 18, 22),
(27, 10, 49),
(27, 14, 6),
(27, 56, 2),
(27, 44, 84),
(27, 93, 87),
(27, 17, 83),
(27, 94, 35),
(27, 36, 28),
(27, 10, 67),
(28, 81, 49),
(28, 73, 24),
(28, 33, 80),
(28, 100, 22),
(28, 4, 41),
(28, 2, 99),
(28, 95, 87),
(28, 81, 62),
(28, 56, 31),
(28, 84, 16),
(28, 63, 7),
(28, 62, 72),
(28, 32, 18),
(28, 55, 65),
(28, 95, 21),
(28, 40, 32),
(28, 63, 83),
(28, 93, 27),
(28, 23, 45),
(28, 27, 92),
(28, 35, 49),
(28, 90, 10),
(28, 43, 79),
(28, 31, 24),
(28, 1, 88),
(28, 91, 15),
(28, 83, 7),
(28, 82, 83),
(28, 98, 70),
(28, 84, 33),
(28, 21, 62),
(28, 96, 80),
(28, 13, 29),
(28, 98, 84),
(28, 50, 59),
(28, 98, 34),
(28, 58, 42),
(28, 57, 89),
(29, 40, 85),
(29, 82, 75),
(29, 97, 65),
(29, 85, 34),
(29, 46, 51),
(29, 19, 34),
(29, 10, 81),
(29, 46, 62),
(29, 42, 81),
(29, 8, 62),
(29, 44, 58),
(29, 78, 77),
(29, 64, 5),
(29, 74, 57),
(29, 37, 39),
(29, 53, 93),
(29, 78, 61),
(29, 23, 42),
(29, 74, 8),
(30, 15, 43),
(30, 51, 5),
(30, 61, 59),
(30, 94, 84),
(30, 59, 54),
(30, 39, 94),
(30, 90, 86),
(30, 13, 87),
(30, 96, 86),
(30, 61, 17),
(30, 41, 76),
(30, 46, 26),
(30, 100, 96),
(30, 100, 22),
(30, 87, 2),
(30, 59, 97),
(30, 7, 79),
(30, 41, 51),
(30, 19, 30),
(30, 39, 6),
(30, 52, 60),
(30, 31, 99),
(30, 33, 10),
(30, 76, 97),
(30, 79, 60),
(30, 34, 46),
(30, 24, 61),
(30, 57, 92),
(30, 36, 53),
(30, 88, 43),
(30, 60, 52),
(30, 48, 52),
(30, 75, 21),
(30, 51, 69),
(30, 29, 11),
(30, 50, 37),
(30, 6, 2),
(30, 14, 39),
(30, 10, 33),
(30, 26, 62),
(30, 27, 75),
(30, 11, 96),
(30, 84, 48),
(30, 22, 47),
(30, 94, 58),
(30, 22, 3),
(30, 85, 51),
(30, 58, 61),
(30, 51, 20),
(30, 1, 91),
(30, 37, 98),
(30, 2, 37),
(30, 54, 12),
(30, 74, 16),
(30, 79, 57),
(30, 16, 73),
(30, 94, 64),
(30, 69, 24),
(30, 13, 37),
(30, 96, 2),
(30, 79, 6),
(30, 27, 12),
(30, 80, 22),
(30, 2, 17),
(31, 41, 79),
(31, 27, 88),
(31, 70, 85),
(31, 48, 28),
(31, 83, 41),
(31, 61, 74),
(31, 92, 28),
(31, 57, 58),
(31, 81, 17),
(31, 4, 23),
(31, 6, 35),
(31, 21, 24),
(31, 3, 9),
(31, 33, 31),
(31, 47, 3),
(31, 13, 19),
(31, 23, 88),
(31, 51, 16),
(31, 4, 83),
(31, 100, 52),
(31, 52, 93),
(31, 70, 44),
(31, 13, 7),
(31, 44, 51),
(31, 66, 16),
(31, 42, 62),
(31, 79, 10),
(31, 24, 73),
(31, 91, 22),
(31, 32, 5),
(31, 53, 72),
(31, 24, 3),
(31, 100, 88),
(31, 28, 92),
(31, 6, 1),
(31, 84, 53),
(31, 14, 88),
(31, 82, 28),
(31, 5, 73),
(31, 13, 51),
(31, 98, 60),
(31, 82, 50),
(31, 41, 94),
(31, 26, 4),
(31, 50, 1),
(31, 8, 62),
(31, 69, 73),
(31, 88, 42),
(31, 17, 4),
(31, 69, 69),
(31, 54, 49),
(31, 42, 3),
(31, 87, 53),
(31, 15, 72),
(31, 71, 42),
(31, 74, 8),
(31, 86, 63),
(31, 37, 58),
(31, 52, 7),
(31, 3, 100),
(31, 70, 45),
(31, 65, 86),
(31, 32, 25),
(31, 1, 13),
(31, 42, 13),
(31, 87, 38),
(31, 54, 30),
(31, 48, 99),
(31, 1, 59),
(31, 25, 33),
(31, 53, 98),
(31, 5, 28),
(31, 90, 27),
(31, 97, 30),
(31, 7, 42),
(31, 23, 2),
(31, 96, 72),
(31, 13, 68),
(31, 50, 76),
(31, 20, 48),
(31, 63, 5),
(31, 48, 64),
(31, 55, 48),
(31, 69, 25),
(31, 81, 100),
(31, 83, 74),
(31, 89, 58),
(31, 42, 71),
(31, 22, 98),
(31, 96, 87),
(31, 36, 13),
(31, 87, 42),
(32, 44, 24),
(32, 10, 50),
(32, 74, 3),
(32, 18, 60),
(32, 18, 84),
(32, 7, 59),
(32, 93, 72),
(32, 15, 34),
(32, 64, 31),
(32, 4, 33),
(32, 94, 97),
(32, 78, 83),
(32, 21, 82),
(32, 78, 82),
(32, 39, 73),
(32, 16, 18),
(32, 87, 38),
(32, 7, 7),
(32, 72, 71),
(32, 43, 69),
(32, 49, 32),
(32, 7, 37),
(32, 1, 91),
(32, 56, 66),
(32, 82, 79),
(32, 50, 71),
(32, 4, 22),
(32, 42, 54),
(32, 31, 57),
(32, 83, 45),
(32, 41, 23),
(32, 9, 73),
(32, 77, 10),
(32, 15, 37),
(32, 49, 37),
(32, 47, 52),
(32, 77, 53),
(32, 84, 13),
(32, 8, 34),
(32, 63, 49),
(32, 78, 72),
(32, 74, 34),
(32, 38, 19),
(32, 53, 43),
(32, 26, 84),
(32, 50, 55),
(32, 18, 94),
(32, 4, 99),
(32, 37, 27),
(32, 78, 30),
(32, 66, 90),
(32, 20, 44),
(32, 61, 13),
(32, 70, 63),
(32, 96, 62),
(32, 88, 63),
(32, 44, 44),
(32, 58, 69),
(32, 88, 11),
(32, 57, 32),
(32, 54, 91),
(32, 57, 60),
(32, 95, 61),
(32, 61, 40),
(32, 96, 35),
(32, 44, 25),
(32, 46, 18),
(32, 97, 77),
(32, 6, 97),
(32, 97, 39),
(32, 5, 67),
(32, 99, 49),
(32, 81, 13),
(32, 77, 4),
(32, 37, 53),
(32, 13, 99),
(32, 2, 22),
(32, 90, 18),
(32, 27, 74),
(32, 24, 100),
(32, 57, 28),
(33, 17, 21),
(33, 39, 66),
(33, 76, 94),
(34, 65, 6),
(34, 97, 17),
(34, 48, 78),
(34, 29, 20),
(34, 42, 43),
(34, 22, 43),
(34, 29, 15),
(34, 34, 77),
(34, 60, 99),
(34, 20, 79),
(34, 85, 80),
(34, 29, 22),
(34, 53, 94),
(34, 94, 83),
(34, 79, 87),
(34, 81, 44),
(34, 35, 7),
(34, 57, 12),
(34, 100, 79),
(34, 67, 89),
(34, 63, 71),
(34, 10, 11),
(34, 97, 49),
(34, 19, 71),
(34, 15, 18),
(34, 38, 33),
(34, 17, 75),
(34, 32, 87),
(34, 49, 69),
(34, 57, 47),
(34, 100, 64),
(34, 19, 79),
(34, 37, 62),
(34, 99, 23),
(34, 37, 42),
(34, 84, 99),
(34, 79, 15),
(34, 54, 58),
(34, 89, 28),
(34, 37, 14),
(34, 31, 4),
(34, 6, 56),
(34, 78, 42),
(34, 89, 46),
(34, 15, 44),
(34, 4, 15),
(34, 89, 51),
(34, 30, 11),
(34, 64, 72),
(34, 91, 91),
(34, 56, 26),
(35, 48, 7),
(35, 23, 98),
(35, 40, 66),
(35, 60, 29),
(35, 60, 3),
(35, 75, 88),
(35, 63, 4),
(35, 74, 37),
(35, 16, 32),
(35, 57, 25),
(35, 47, 42),
(35, 26, 58),
(35, 80, 17),
(35, 96, 13),
(35, 8, 25),
(35, 30, 74),
(35, 21, 41),
(35, 80, 60),
(35, 5, 49),
(35, 54, 21),
(35, 34, 42),
(35, 20, 62),
(35, 52, 3),
(35, 64, 87),
(35, 56, 3),
(35, 49, 49),
(35, 20, 36),
(35, 92, 71),
(35, 6, 62),
(35, 50, 6),
(35, 66, 48),
(35, 6, 81),
(35, 94, 62),
(35, 39, 1),
(35, 68, 27),
(35, 27, 86),
(35, 90, 89),
(35, 57, 93),
(35, 17, 64),
(35, 100, 26),
(35, 84, 79),
(35, 5, 61),
(35, 94, 73),
(35, 71, 41),
(35, 19, 14),
(35, 5, 5),
(35, 39, 36),
(35, 72, 27),
(35, 43, 85),
(35, 81, 93),
(35, 4, 54),
(35, 97, 26),
(36, 57, 65),
(36, 6, 19),
(36, 76, 24),
(36, 83, 50),
(36, 95, 61),
(36, 66, 40),
(36, 58, 94),
(36, 35, 69),
(36, 97, 30),
(36, 86, 12),
(36, 34, 23),
(36, 2, 71),
(36, 72, 53),
(36, 67, 90),
(36, 58, 49),
(36, 34, 34),
(36, 94, 10),
(36, 6, 46),
(36, 4, 71),
(36, 40, 1),
(36, 21, 30),
(36, 18, 5),
(36, 100, 35),
(36, 93, 20),
(36, 74, 95),
(36, 86, 97),
(36, 80, 50),
(36, 78, 37),
(36, 7, 55),
(36, 33, 18),
(36, 51, 32),
(36, 67, 63),
(36, 8, 22),
(36, 95, 14),
(36, 61, 17),
(36, 89, 95),
(36, 74, 43),
(36, 23, 21),
(36, 57, 61),
(36, 27, 6),
(36, 55, 15),
(36, 15, 18),
(36, 24, 73),
(36, 53, 84),
(36, 96, 22),
(36, 41, 56),
(36, 19, 12),
(36, 8, 24),
(36, 40, 40),
(36, 98, 98),
(36, 45, 83),
(36, 4, 58),
(36, 86, 28),
(36, 30, 48),
(36, 39, 45),
(36, 54, 96),
(36, 30, 69),
(36, 42, 72),
(36, 38, 44),
(36, 6, 85),
(36, 8, 72),
(36, 70, 98),
(36, 64, 77),
(36, 62, 17),
(36, 56, 80),
(36, 31, 15),
(36, 71, 80),
(36, 69, 39),
(36, 57, 30),
(36, 17, 46),
(36, 100, 54),
(36, 98, 13),
(36, 50, 81),
(36, 26, 26),
(36, 46, 5),
(36, 90, 96),
(36, 40, 7),
(36, 90, 70),
(36, 29, 40),
(36, 37, 90),
(36, 61, 42),
(37, 52, 65),
(37, 70, 71),
(37, 69, 73),
(37, 79, 19),
(37, 16, 80),
(37, 35, 14),
(37, 87, 86),
(37, 82, 35),
(37, 34, 52),
(37, 29, 83),
(37, 67, 1),
(37, 41, 90),
(37, 44, 61),
(37, 78, 13),
(37, 99, 16),
(37, 57, 24),
(37, 72, 29),
(37, 38, 89),
(38, 100, 7),
(38, 42, 14),
(38, 32, 24),
(38, 22, 56),
(38, 69, 68),
(38, 59, 46),
(38, 7, 62),
(38, 37, 79),
(38, 20, 6),
(38, 36, 11),
(38, 94, 61),
(38, 24, 38),
(38, 44, 70),
(38, 42, 24),
(38, 21, 2),
(38, 1, 85),
(39, 24, 64),
(39, 61, 16),
(39, 93, 93),
(39, 15, 51),
(39, 59, 68),
(39, 54, 16),
(39, 63, 86),
(39, 90, 77),
(39, 87, 60),
(39, 56, 23),
(39, 14, 67),
(39, 87, 25),
(39, 81, 52),
(39, 73, 17),
(39, 1, 11),
(39, 5, 9),
(39, 13, 39),
(39, 7, 42),
(39, 82, 47),
(39, 97, 93),
(39, 1, 80),
(39, 100, 43),
(39, 86, 38),
(39, 63, 35),
(39, 79, 72),
(39, 23, 53),
(39, 98, 40),
(39, 90, 58),
(39, 22, 50),
(39, 2, 85),
(39, 35, 51),
(39, 84, 92),
(39, 61, 53),
(39, 2, 11),
(39, 11, 65),
(39, 97, 39),
(39, 20, 22),
(39, 55, 87),
(39, 34, 96),
(39, 11, 68),
(39, 29, 47),
(39, 53, 19),
(39, 42, 41),
(39, 68, 67),
(39, 16, 65),
(39, 43, 7),
(39, 19, 85),
(39, 4, 76),
(39, 12, 98),
(39, 19, 11),
(39, 88, 27),
(39, 39, 22),
(39, 68, 4),
(39, 96, 85),
(39, 83, 12),
(39, 36, 39),
(39, 54, 13),
(39, 91, 64),
(39, 77, 42),
(39, 53, 9),
(39, 99, 28),
(39, 39, 30),
(39, 4, 1),
(39, 56, 64),
(39, 49, 67),
(39, 53, 15),
(39, 40, 33),
(39, 95, 82),
(39, 32, 7),
(39, 33, 96),
(39, 99, 50),
(39, 49, 89),
(39, 70, 58),
(39, 55, 97),
(39, 29, 67),
(39, 87, 76),
(39, 11, 1),
(39, 62, 95),
(39, 64, 8),
(39, 5, 62),
(39, 93, 14),
(39, 65, 59),
(39, 52, 31),
(39, 82, 33),
(39, 37, 76),
(39, 37, 41),
(39, 28, 59),
(39, 7, 93),
(39, 33, 42),
(39, 80, 10),
(40, 3, 36),
(40, 79, 92),
(40, 66, 28),
(40, 60, 49),
(40, 55, 89),
(40, 33, 97),
(40, 98, 100),
(40, 17, 74),
(40, 98, 88),
(40, 53, 91),
(40, 95, 11),
(40, 33, 40),
(40, 72, 39),
(40, 85, 41),
(40, 90, 34),
(40, 29, 35),
(40, 31, 27),
(40, 86, 35),
(40, 62, 93),
(40, 63, 27),
(40, 30, 60),
(40, 10, 54),
(40, 81, 62),
(40, 40, 28),
(40, 3, 72),
(40, 16, 62),
(40, 23, 50),
(40, 86, 35),
(40, 85, 89),
(40, 11, 99),
(40, 45, 98),
(40, 90, 50),
(40, 43, 49),
(40, 82, 25),
(40, 64, 60),
(40, 67, 20),
(40, 84, 41),
(40, 99, 79),
(40, 11, 7),
(40, 90, 71),
(40, 21, 44),
(40, 71, 80),
(40, 17, 90),
(40, 12, 41),
(40, 1, 15),
(40, 72, 37),
(40, 44, 25),
(40, 60, 83),
(40, 96, 36),
(40, 92, 52),
(40, 71, 43),
(40, 78, 81),
(40, 56, 16),
(40, 54, 17),
(40, 53, 35),
(40, 80, 8),
(41, 4, 27),
(41, 66, 60),
(41, 10, 88),
(41, 84, 89),
(41, 92, 92),
(41, 15, 20),
(41, 86, 43),
(41, 42, 5),
(41, 18, 86),
(41, 99, 38),
(41, 89, 44),
(41, 24, 78),
(41, 27, 23),
(41, 81, 29),
(41, 6, 91),
(41, 10, 71),
(41, 74, 70),
(41, 20, 54),
(41, 87, 76),
(41, 6, 8),
(41, 43, 41),
(41, 4, 43),
(41, 5, 25),
(41, 8, 10),
(41, 67, 84),
(41, 19, 9),
(41, 52, 66),
(41, 55, 37),
(41, 77, 36),
(41, 82, 39),
(41, 25, 4),
(41, 53, 33),
(41, 42, 77),
(41, 26, 61),
(41, 75, 11),
(41, 51, 76),
(41, 46, 37),
(41, 64, 22),
(41, 82, 95),
(41, 26, 40),
(41, 90, 34),
(41, 1, 61),
(41, 75, 78),
(41, 87, 34),
(41, 80, 56),
(41, 14, 68),
(41, 90, 56),
(41, 44, 96),
(41, 5, 13),
(41, 33, 80),
(41, 74, 10),
(41, 5, 19),
(41, 42, 75),
(41, 6, 75),
(41, 89, 49),
(41, 44, 78),
(41, 87, 57),
(41, 39, 47),
(41, 21, 44),
(41, 17, 1),
(41, 63, 83),
(41, 21, 100),
(41, 48, 9),
(42, 49, 23),
(42, 53, 34),
(42, 52, 89),
(42, 76, 16),
(42, 92, 9),
(42, 15, 74),
(42, 6, 75),
(42, 87, 88),
(42, 13, 94),
(42, 17, 6),
(42, 87, 2),
(42, 54, 82),
(42, 88, 97),
(42, 15, 62),
(42, 76, 50),
(42, 85, 47)
INSERT PurchaseItem (PurchaseID, ProductID, ShopID)VALUES
(42, 34, 49),
(42, 79, 18),
(42, 35, 13),
(42, 67, 22),
(42, 67, 90),
(42, 59, 71),
(42, 78, 55),
(42, 81, 73),
(42, 33, 95),
(42, 25, 4),
(42, 52, 94),
(42, 21, 14),
(42, 55, 94),
(42, 93, 25),
(42, 64, 87),
(42, 8, 60),
(42, 20, 4),
(42, 26, 84),
(42, 83, 94),
(42, 64, 43),
(42, 85, 62),
(42, 17, 67),
(42, 66, 98),
(42, 55, 99),
(42, 26, 52),
(42, 21, 52),
(42, 42, 91),
(42, 46, 98),
(42, 6, 34),
(42, 46, 13),
(42, 3, 18),
(42, 79, 22),
(42, 34, 50),
(42, 27, 8),
(42, 81, 93),
(42, 19, 28),
(42, 70, 91),
(42, 39, 48),
(42, 62, 92),
(42, 84, 83),
(42, 8, 93),
(42, 87, 94),
(42, 18, 100),
(42, 25, 45),
(42, 34, 91),
(42, 54, 29),
(42, 45, 100),
(42, 1, 97),
(42, 13, 8),
(42, 80, 78),
(42, 33, 36),
(42, 68, 16),
(42, 21, 62),
(42, 64, 5),
(42, 81, 28),
(42, 98, 32),
(42, 98, 30),
(42, 38, 58),
(42, 63, 71),
(42, 66, 92),
(42, 46, 98),
(42, 61, 90),
(42, 71, 93),
(42, 28, 41),
(42, 32, 81),
(42, 18, 91),
(42, 2, 55),
(42, 27, 75),
(42, 78, 51),
(42, 39, 11),
(42, 32, 71),
(42, 72, 54),
(42, 92, 27),
(42, 21, 81),
(42, 54, 18),
(42, 61, 42),
(42, 48, 67),
(42, 76, 54),
(43, 75, 81),
(43, 31, 23),
(43, 22, 40),
(43, 88, 69),
(43, 5, 8),
(43, 14, 96),
(43, 49, 91),
(43, 49, 38),
(43, 82, 42),
(43, 67, 62),
(43, 79, 63),
(43, 62, 50),
(43, 19, 22),
(43, 38, 86),
(43, 63, 60),
(43, 3, 5),
(43, 46, 34),
(43, 68, 38),
(43, 60, 28),
(43, 69, 98),
(43, 31, 97),
(43, 99, 92),
(43, 11, 77),
(43, 66, 36),
(43, 42, 36),
(43, 60, 44),
(43, 10, 87),
(43, 27, 36),
(43, 15, 24),
(44, 7, 62),
(44, 25, 1),
(44, 46, 56),
(44, 1, 31),
(44, 93, 90),
(44, 95, 71),
(44, 35, 8),
(44, 77, 4),
(44, 3, 69),
(44, 73, 74),
(44, 90, 26),
(44, 70, 29),
(44, 47, 60),
(44, 23, 80),
(44, 40, 37),
(44, 63, 15),
(44, 21, 52),
(44, 9, 95),
(44, 27, 92),
(44, 29, 33),
(44, 6, 15),
(44, 26, 97),
(44, 82, 83),
(44, 33, 8),
(44, 67, 77),
(44, 89, 52),
(44, 39, 100),
(44, 49, 56),
(44, 36, 12),
(44, 87, 4),
(44, 41, 55),
(44, 75, 62),
(44, 41, 1),
(44, 59, 84),
(44, 38, 87),
(44, 48, 84),
(44, 49, 79),
(44, 45, 62),
(44, 87, 38),
(44, 54, 20),
(44, 81, 63),
(44, 88, 76),
(44, 11, 70),
(44, 31, 5),
(44, 53, 79),
(44, 4, 11),
(44, 88, 14),
(44, 68, 32),
(44, 80, 90),
(44, 17, 87),
(44, 2, 53),
(44, 71, 76),
(44, 3, 8),
(44, 14, 64),
(44, 57, 95),
(44, 86, 43),
(44, 94, 51),
(44, 74, 51),
(44, 55, 14),
(44, 53, 15),
(44, 71, 83),
(44, 82, 39),
(45, 94, 100),
(45, 22, 96),
(45, 1, 93),
(45, 5, 18),
(45, 66, 65),
(45, 12, 90),
(45, 49, 98),
(45, 5, 55),
(45, 77, 57),
(45, 85, 19),
(45, 99, 66),
(45, 49, 15),
(45, 90, 47),
(45, 22, 68),
(45, 7, 6),
(45, 67, 62),
(45, 43, 54),
(45, 52, 57),
(45, 32, 41),
(45, 29, 61),
(45, 69, 95),
(45, 21, 18),
(45, 40, 2),
(45, 91, 58),
(45, 51, 75),
(45, 96, 67),
(45, 79, 60),
(45, 95, 16),
(45, 27, 18),
(45, 57, 74),
(45, 40, 41),
(45, 73, 46),
(45, 39, 81),
(45, 51, 73),
(45, 68, 91),
(45, 47, 52),
(45, 97, 21),
(45, 53, 9),
(45, 6, 54),
(45, 14, 78),
(45, 52, 54),
(45, 69, 85),
(45, 3, 48),
(45, 7, 7),
(45, 49, 89),
(45, 96, 89),
(45, 16, 40),
(45, 47, 7),
(45, 66, 74),
(45, 84, 39),
(46, 22, 3),
(46, 59, 48),
(46, 41, 55),
(46, 71, 77),
(46, 35, 90),
(46, 99, 70),
(46, 12, 96),
(46, 12, 41),
(46, 89, 88),
(46, 39, 82),
(46, 43, 12),
(46, 40, 3),
(46, 50, 18),
(46, 13, 71),
(46, 71, 9),
(46, 84, 95),
(46, 3, 15),
(46, 84, 96),
(46, 33, 78),
(46, 9, 48),
(46, 49, 52),
(46, 69, 59),
(46, 74, 32),
(46, 2, 69),
(46, 63, 33),
(46, 73, 13),
(46, 86, 29),
(46, 49, 62),
(46, 9, 42),
(46, 5, 27),
(46, 33, 8),
(46, 98, 20),
(46, 27, 23),
(46, 29, 54),
(46, 92, 94),
(46, 95, 44),
(46, 72, 93),
(46, 49, 16),
(46, 42, 30),
(46, 82, 64),
(46, 23, 14),
(46, 19, 34),
(46, 45, 11),
(46, 50, 72),
(46, 86, 29),
(46, 43, 72),
(46, 37, 33),
(46, 63, 11),
(46, 58, 92),
(46, 81, 56),
(46, 40, 60),
(46, 69, 27),
(46, 88, 91),
(46, 79, 47),
(46, 68, 93),
(46, 53, 89),
(47, 45, 67),
(47, 94, 60),
(47, 26, 99),
(47, 66, 68),
(47, 94, 47),
(47, 18, 82),
(47, 75, 79),
(47, 64, 18),
(47, 40, 92),
(47, 63, 89),
(47, 14, 12),
(47, 77, 8),
(47, 94, 13),
(47, 50, 58),
(47, 59, 56),
(47, 10, 22),
(47, 88, 58),
(47, 78, 5),
(47, 64, 78),
(47, 17, 35),
(47, 88, 26),
(47, 90, 99),
(47, 5, 3),
(47, 30, 8),
(47, 79, 89),
(47, 79, 56),
(47, 5, 60),
(47, 48, 64),
(47, 70, 63),
(47, 27, 74),
(47, 79, 90),
(47, 32, 7),
(47, 69, 87),
(47, 24, 53),
(47, 50, 89),
(47, 23, 22),
(47, 83, 53),
(47, 69, 29),
(47, 81, 1),
(47, 19, 52),
(47, 17, 77),
(47, 20, 11),
(47, 24, 51),
(47, 22, 28),
(47, 54, 54),
(47, 75, 40),
(47, 5, 7),
(47, 43, 29),
(47, 2, 84),
(47, 20, 29),
(47, 64, 60),
(47, 6, 41),
(47, 16, 62),
(47, 8, 61),
(47, 3, 49),
(47, 77, 79),
(47, 65, 17),
(47, 19, 38),
(47, 79, 3),
(47, 90, 1),
(47, 36, 31),
(47, 74, 96),
(47, 13, 53),
(47, 74, 54),
(47, 33, 8),
(47, 84, 44),
(47, 9, 63),
(47, 97, 13),
(47, 53, 12),
(47, 82, 14),
(47, 55, 3),
(47, 59, 56),
(47, 77, 99),
(47, 43, 12),
(47, 29, 15),
(47, 24, 90),
(47, 98, 72),
(47, 1, 33),
(47, 30, 61),
(47, 1, 86),
(47, 15, 15),
(47, 26, 71),
(47, 7, 22),
(47, 73, 66),
(48, 26, 67),
(48, 40, 32),
(48, 56, 76),
(48, 80, 33),
(48, 34, 3),
(48, 68, 49),
(48, 8, 59),
(48, 90, 41),
(48, 4, 70),
(48, 48, 27),
(48, 4, 74),
(48, 29, 16),
(48, 5, 67),
(48, 77, 53),
(48, 99, 96),
(48, 87, 88),
(48, 26, 69),
(48, 10, 24),
(48, 31, 28),
(48, 85, 76),
(48, 27, 32),
(48, 24, 92),
(48, 79, 69),
(48, 62, 32),
(48, 16, 42),
(48, 40, 80),
(48, 93, 11),
(48, 6, 20),
(48, 31, 15),
(48, 48, 33),
(48, 57, 41),
(48, 64, 9),
(48, 4, 5),
(48, 54, 24),
(48, 68, 53),
(48, 100, 11),
(48, 40, 24),
(48, 64, 20),
(48, 62, 79),
(48, 62, 37),
(48, 6, 47),
(48, 18, 57),
(48, 13, 66),
(48, 34, 56),
(48, 25, 53),
(48, 40, 63),
(48, 19, 53),
(48, 26, 13),
(48, 4, 57),
(48, 93, 20),
(48, 32, 16),
(48, 15, 74),
(48, 44, 75),
(48, 48, 9),
(48, 62, 65),
(48, 68, 73),
(48, 94, 84),
(48, 11, 45),
(48, 31, 11),
(48, 1, 85),
(48, 22, 10),
(48, 39, 66),
(48, 10, 70),
(48, 29, 22),
(48, 93, 42),
(48, 94, 30),
(48, 26, 68),
(49, 16, 49),
(49, 100, 100),
(49, 18, 21),
(49, 35, 54),
(49, 59, 51),
(49, 92, 95),
(49, 41, 26),
(49, 6, 55),
(49, 22, 59),
(49, 95, 79),
(49, 74, 78),
(49, 7, 26),
(49, 84, 29),
(49, 68, 100),
(49, 83, 40),
(49, 46, 95),
(49, 85, 53),
(49, 56, 64),
(49, 19, 41),
(49, 27, 23),
(49, 10, 18),
(49, 43, 46),
(49, 74, 58),
(49, 99, 67),
(49, 57, 92),
(49, 96, 11),
(49, 42, 42),
(49, 41, 6),
(49, 6, 83),
(49, 78, 41),
(49, 83, 69),
(49, 14, 91),
(49, 16, 81),
(49, 73, 43),
(49, 4, 18),
(49, 70, 60),
(49, 14, 7),
(49, 5, 78),
(49, 72, 13),
(49, 88, 88),
(49, 54, 53),
(49, 79, 55),
(49, 34, 97),
(49, 18, 94),
(49, 6, 77),
(49, 26, 87),
(49, 14, 60),
(49, 62, 73),
(49, 86, 80),
(49, 8, 37),
(49, 25, 74),
(49, 58, 30),
(49, 51, 89),
(49, 42, 76),
(49, 60, 18),
(49, 46, 16),
(49, 27, 56),
(49, 80, 10),
(49, 62, 25),
(49, 5, 75),
(49, 78, 100),
(49, 46, 6),
(49, 38, 13),
(49, 51, 73),
(49, 39, 34),
(49, 76, 75),
(49, 54, 51),
(49, 66, 40),
(49, 37, 68),
(49, 19, 15),
(49, 10, 41),
(49, 52, 87),
(49, 50, 50),
(49, 29, 61),
(49, 26, 56),
(49, 14, 77),
(49, 59, 37),
(49, 29, 51),
(50, 68, 39),
(50, 91, 16),
(50, 69, 22),
(50, 67, 57),
(50, 3, 50),
(50, 44, 79),
(50, 64, 91),
(51, 82, 74),
(51, 98, 45),
(51, 76, 16),
(51, 88, 20),
(51, 45, 4),
(51, 6, 99),
(51, 85, 38),
(51, 64, 70),
(51, 55, 72),
(51, 38, 38),
(51, 21, 31),
(51, 92, 94),
(51, 63, 64),
(51, 59, 71),
(51, 3, 53),
(51, 10, 46),
(51, 91, 85),
(51, 89, 41),
(51, 89, 68),
(51, 76, 86),
(51, 92, 64),
(51, 48, 82),
(51, 32, 89),
(51, 98, 98),
(51, 8, 87),
(51, 12, 2),
(51, 22, 66),
(51, 47, 11),
(51, 87, 25),
(51, 17, 75),
(51, 31, 59),
(51, 56, 78),
(51, 35, 62),
(51, 40, 35),
(51, 44, 84),
(51, 10, 20),
(51, 59, 80),
(51, 20, 42),
(51, 76, 37),
(51, 75, 96),
(51, 76, 13),
(51, 74, 93),
(51, 82, 76),
(51, 89, 76),
(51, 43, 54),
(51, 6, 80),
(51, 36, 30),
(51, 2, 32),
(51, 68, 73),
(51, 11, 92),
(51, 35, 75),
(51, 33, 37),
(51, 58, 12),
(51, 51, 98),
(51, 96, 65),
(51, 35, 15),
(51, 53, 24),
(51, 40, 78),
(51, 29, 69),
(51, 39, 32),
(51, 70, 35),
(51, 88, 97),
(51, 86, 63),
(51, 19, 3),
(51, 63, 34),
(51, 7, 52),
(51, 88, 85),
(51, 85, 10),
(51, 89, 68),
(51, 8, 14),
(51, 9, 87),
(51, 43, 96),
(51, 23, 13),
(51, 39, 70),
(51, 58, 90),
(51, 87, 47),
(51, 94, 100),
(51, 9, 75),
(51, 12, 88),
(51, 4, 80),
(51, 12, 13),
(51, 79, 30),
(51, 36, 53),
(51, 98, 2),
(51, 67, 40),
(51, 7, 95),
(51, 3, 82),
(51, 62, 7),
(51, 56, 88),
(51, 42, 17),
(51, 3, 13),
(52, 65, 76),
(52, 37, 57),
(52, 66, 21),
(52, 6, 56),
(52, 59, 47),
(52, 47, 94),
(52, 25, 19),
(52, 70, 47),
(52, 100, 69),
(52, 49, 2),
(52, 62, 8),
(52, 67, 66),
(52, 6, 80),
(52, 46, 7),
(52, 79, 65),
(52, 21, 66),
(52, 62, 19),
(52, 48, 61),
(52, 94, 90),
(52, 82, 56),
(52, 2, 70),
(52, 30, 75),
(52, 72, 35),
(52, 89, 25),
(52, 72, 53),
(52, 95, 80),
(52, 71, 84),
(52, 92, 26),
(52, 37, 82),
(52, 53, 83),
(52, 61, 73),
(52, 67, 20),
(52, 71, 50),
(52, 79, 20),
(52, 30, 94),
(52, 35, 25),
(52, 87, 89),
(52, 16, 73),
(52, 34, 12),
(52, 64, 77),
(52, 60, 35),
(52, 26, 82),
(52, 85, 82),
(52, 87, 10),
(52, 70, 47),
(52, 47, 81),
(52, 97, 69),
(52, 21, 41),
(52, 20, 4),
(52, 11, 6),
(53, 43, 68),
(53, 46, 46),
(53, 61, 47),
(53, 77, 49),
(53, 81, 15),
(53, 94, 55),
(53, 3, 52),
(53, 99, 73),
(53, 51, 80),
(53, 15, 12),
(53, 49, 42),
(53, 73, 8),
(53, 9, 93),
(53, 6, 70),
(53, 45, 89),
(53, 5, 60),
(53, 93, 66),
(53, 11, 91),
(53, 95, 56),
(53, 71, 12),
(53, 51, 19),
(53, 70, 77),
(53, 97, 49),
(53, 6, 9),
(53, 18, 96),
(53, 55, 18),
(53, 55, 40),
(53, 14, 55),
(53, 71, 16),
(53, 10, 27),
(53, 79, 71),
(53, 24, 89),
(53, 97, 14),
(53, 20, 33),
(53, 54, 76),
(53, 12, 61),
(53, 4, 83),
(53, 67, 39),
(53, 98, 37),
(53, 19, 82),
(53, 48, 41),
(53, 98, 18),
(53, 86, 27),
(53, 67, 85),
(53, 13, 37),
(53, 35, 96),
(53, 6, 8),
(53, 34, 63),
(53, 9, 35),
(53, 31, 92),
(53, 4, 82),
(53, 99, 97),
(53, 91, 73),
(53, 82, 4),
(53, 31, 81),
(53, 2, 79),
(53, 20, 87),
(53, 68, 76),
(53, 52, 93),
(53, 16, 98),
(53, 89, 58),
(53, 89, 100),
(53, 8, 26),
(53, 69, 25),
(53, 26, 16),
(53, 34, 81),
(53, 27, 66),
(53, 5, 24),
(53, 6, 58),
(53, 6, 97),
(53, 72, 34),
(53, 28, 28),
(53, 9, 71),
(53, 18, 83),
(53, 11, 65),
(53, 94, 37),
(53, 92, 10),
(53, 13, 60),
(53, 90, 31),
(53, 75, 56),
(53, 8, 47),
(53, 12, 36),
(53, 28, 99),
(53, 16, 89),
(53, 71, 71),
(53, 91, 61),
(53, 53, 59),
(53, 48, 98),
(53, 62, 31),
(54, 94, 31),
(54, 18, 12),
(54, 93, 40),
(54, 83, 13),
(54, 13, 42),
(54, 12, 7),
(54, 79, 11),
(54, 85, 23),
(54, 75, 78),
(54, 13, 31),
(54, 42, 63),
(54, 1, 19),
(54, 35, 22),
(54, 33, 54),
(54, 1, 58),
(54, 61, 32),
(54, 10, 79),
(54, 66, 55),
(54, 39, 10),
(54, 33, 22),
(54, 78, 36),
(54, 56, 37),
(54, 32, 10),
(54, 10, 38),
(54, 29, 39),
(54, 87, 80),
(54, 4, 90),
(54, 13, 14),
(54, 28, 38),
(54, 48, 46),
(54, 83, 35),
(54, 33, 39),
(54, 60, 70),
(54, 13, 27),
(54, 44, 100),
(54, 36, 81),
(54, 12, 20),
(54, 92, 74),
(54, 22, 87),
(54, 86, 63),
(54, 49, 95),
(54, 16, 70),
(54, 54, 82),
(54, 44, 60),
(54, 49, 79),
(54, 68, 50),
(54, 79, 30),
(54, 22, 7),
(54, 36, 1),
(54, 94, 34),
(54, 72, 55),
(54, 2, 32),
(54, 86, 12),
(54, 65, 67),
(54, 33, 34),
(54, 11, 68),
(54, 71, 42),
(54, 8, 18),
(54, 19, 74),
(54, 6, 93),
(54, 57, 77),
(54, 93, 10),
(54, 19, 39),
(54, 41, 31),
(54, 86, 99),
(54, 26, 2),
(54, 15, 62),
(54, 3, 45),
(54, 52, 59),
(54, 27, 20),
(54, 14, 19),
(54, 41, 2),
(54, 47, 41),
(54, 10, 97),
(54, 26, 74),
(54, 97, 56),
(54, 98, 93),
(54, 58, 22),
(54, 5, 7),
(54, 89, 73),
(54, 67, 21),
(54, 24, 80),
(54, 37, 54),
(54, 100, 65),
(54, 10, 34),
(54, 1, 21),
(54, 79, 27),
(55, 7, 90),
(55, 25, 77),
(55, 70, 15),
(55, 63, 37),
(55, 82, 74),
(55, 66, 63),
(55, 53, 11),
(55, 67, 96),
(55, 82, 91),
(55, 64, 21),
(55, 73, 85),
(55, 71, 63),
(55, 43, 45),
(56, 24, 78),
(56, 73, 13),
(56, 27, 84),
(56, 14, 25),
(56, 18, 46),
(56, 43, 63),
(56, 84, 60),
(56, 60, 61),
(56, 73, 77),
(56, 92, 9),
(56, 99, 82),
(56, 5, 26),
(56, 77, 41),
(56, 83, 45),
(56, 81, 81),
(56, 86, 13),
(56, 99, 18),
(56, 12, 17),
(56, 14, 73),
(56, 52, 33),
(56, 92, 58),
(56, 36, 65),
(56, 65, 63),
(56, 45, 41),
(56, 36, 13),
(56, 21, 51),
(56, 48, 26),
(56, 27, 93),
(56, 71, 17),
(56, 22, 2),
(56, 40, 13),
(56, 84, 73),
(56, 43, 58),
(56, 5, 88),
(56, 3, 34),
(56, 40, 38),
(56, 48, 7),
(56, 72, 30),
(56, 77, 98),
(56, 90, 62),
(56, 35, 44),
(56, 75, 68),
(56, 70, 6),
(56, 76, 84),
(57, 86, 20),
(57, 56, 5),
(57, 41, 80),
(57, 66, 2),
(57, 53, 44),
(57, 96, 62),
(57, 1, 2),
(57, 31, 43),
(57, 28, 71),
(57, 52, 75),
(57, 92, 41),
(57, 67, 20),
(57, 59, 79),
(57, 36, 82),
(57, 30, 54),
(57, 53, 54),
(57, 59, 11),
(57, 38, 18),
(58, 52, 35),
(58, 29, 94),
(58, 61, 16),
(58, 10, 59),
(58, 71, 52),
(58, 56, 16),
(58, 65, 2),
(58, 33, 20),
(58, 33, 28),
(58, 83, 29),
(58, 66, 69),
(58, 44, 98),
(58, 51, 19),
(58, 8, 58),
(59, 87, 83),
(59, 63, 49),
(59, 18, 95),
(59, 30, 35),
(59, 87, 41),
(59, 78, 83),
(59, 70, 54),
(59, 77, 68),
(59, 67, 62),
(59, 93, 20),
(59, 64, 18),
(59, 53, 4),
(59, 77, 87),
(59, 4, 75),
(59, 81, 65),
(59, 78, 49),
(59, 66, 87),
(59, 64, 47),
(59, 97, 9),
(59, 54, 73),
(59, 83, 9),
(59, 95, 38),
(59, 23, 34),
(59, 55, 51),
(59, 25, 86),
(59, 39, 59),
(59, 26, 44),
(59, 11, 6),
(59, 97, 33),
(59, 32, 40),
(59, 62, 18),
(59, 96, 12),
(59, 80, 13),
(59, 70, 24),
(59, 12, 51),
(59, 28, 91),
(59, 56, 7),
(59, 79, 11),
(59, 21, 37),
(59, 82, 84),
(59, 98, 89),
(59, 15, 65),
(59, 88, 25),
(59, 23, 92),
(59, 46, 60),
(59, 11, 23),
(59, 56, 9),
(59, 75, 81),
(59, 34, 83),
(59, 77, 29),
(59, 63, 66),
(59, 37, 51),
(59, 50, 38),
(59, 39, 65),
(59, 34, 38),
(59, 18, 56),
(59, 93, 56),
(59, 28, 11),
(59, 78, 31),
(59, 46, 42),
(59, 55, 57),
(59, 78, 63),
(59, 8, 54),
(59, 61, 49),
(59, 66, 44),
(59, 74, 58),
(59, 38, 76),
(59, 76, 15),
(59, 9, 74),
(59, 7, 85),
(59, 80, 93),
(59, 29, 98),
(59, 52, 1),
(59, 14, 24),
(59, 8, 40),
(59, 15, 73),
(59, 54, 42),
(59, 95, 92),
(59, 18, 48),
(59, 80, 52),
(59, 56, 80),
(59, 76, 6),
(59, 9, 55)
INSERT PurchaseItem (PurchaseID, ProductID, ShopID)VALUES
(59, 53, 23),
(59, 17, 83),
(60, 10, 9),
(60, 47, 100),
(60, 41, 33),
(60, 61, 89),
(60, 86, 38),
(60, 81, 78),
(60, 68, 74),
(60, 99, 45),
(60, 77, 93),
(60, 93, 34),
(60, 71, 35),
(60, 86, 86),
(60, 90, 31),
(60, 56, 35),
(60, 1, 20),
(60, 89, 94),
(60, 9, 39),
(60, 78, 21),
(60, 89, 54),
(60, 98, 85),
(60, 48, 95),
(60, 29, 7),
(60, 56, 84),
(60, 64, 97),
(60, 32, 21),
(60, 88, 59),
(60, 97, 43),
(60, 5, 38),
(60, 84, 79),
(60, 66, 62),
(60, 96, 74),
(60, 29, 59),
(60, 94, 80),
(60, 12, 25),
(60, 92, 30),
(60, 34, 60),
(60, 85, 37),
(60, 94, 68),
(60, 52, 12),
(60, 22, 85),
(60, 61, 97),
(60, 95, 51),
(60, 6, 26),
(60, 60, 2),
(60, 95, 21),
(60, 16, 24),
(60, 68, 90),
(60, 87, 41),
(60, 17, 13),
(60, 41, 10),
(60, 61, 43),
(60, 97, 1),
(60, 43, 81),
(60, 56, 53),
(60, 42, 6),
(60, 34, 87),
(60, 24, 64),
(60, 71, 20),
(60, 74, 27),
(60, 70, 32),
(60, 54, 89),
(60, 38, 70),
(60, 81, 89),
(60, 35, 68),
(60, 82, 76),
(60, 96, 29),
(60, 42, 53),
(60, 68, 70),
(60, 17, 70),
(60, 70, 74),
(60, 5, 27),
(60, 83, 49),
(60, 98, 95),
(60, 91, 27),
(60, 13, 91),
(60, 48, 56),
(60, 13, 37),
(60, 46, 75),
(60, 67, 33),
(60, 68, 72),
(60, 37, 76),
(60, 49, 90),
(61, 93, 78),
(61, 44, 55),
(61, 63, 47),
(61, 10, 100),
(61, 21, 57),
(61, 20, 14),
(61, 56, 5),
(61, 48, 61),
(61, 72, 100),
(61, 55, 30),
(61, 97, 72),
(61, 68, 18),
(61, 52, 22),
(61, 6, 39),
(61, 49, 18),
(61, 28, 18),
(61, 35, 76),
(61, 35, 22),
(61, 71, 25),
(61, 3, 15),
(61, 89, 9),
(61, 5, 23),
(61, 43, 22),
(61, 69, 1),
(61, 11, 41),
(61, 54, 39),
(61, 46, 47),
(61, 46, 14),
(61, 82, 11),
(61, 60, 27),
(61, 22, 5),
(61, 38, 88),
(61, 32, 46),
(61, 40, 55),
(61, 72, 91),
(61, 66, 59),
(61, 9, 75),
(61, 70, 1),
(61, 43, 5),
(61, 38, 36),
(61, 76, 77),
(61, 79, 60),
(61, 88, 2),
(61, 34, 63),
(61, 36, 92),
(61, 25, 33),
(61, 4, 63),
(61, 1, 90),
(61, 19, 95),
(61, 46, 33),
(61, 88, 33),
(61, 40, 83),
(61, 43, 98),
(61, 33, 28),
(61, 65, 27),
(61, 84, 98),
(61, 8, 49),
(61, 32, 32),
(61, 41, 85),
(61, 40, 4),
(61, 91, 27),
(61, 49, 16),
(61, 16, 38),
(61, 100, 90),
(61, 74, 27),
(61, 74, 26),
(61, 64, 23),
(61, 4, 80),
(61, 17, 86),
(61, 72, 74),
(61, 38, 74),
(61, 46, 58),
(61, 47, 95),
(61, 47, 20),
(61, 41, 24),
(61, 88, 82),
(61, 95, 74),
(61, 9, 93),
(61, 30, 60),
(61, 31, 100),
(61, 71, 82),
(61, 34, 27),
(61, 63, 50),
(61, 55, 81),
(61, 65, 51),
(61, 31, 68),
(61, 75, 16),
(61, 76, 65),
(61, 40, 53),
(61, 16, 79),
(61, 14, 64),
(61, 79, 85),
(61, 64, 59),
(61, 76, 4),
(61, 70, 71),
(61, 2, 69),
(61, 59, 96),
(61, 69, 51),
(62, 27, 39),
(62, 66, 32),
(62, 97, 89),
(62, 7, 8),
(62, 38, 47),
(62, 26, 3),
(62, 22, 37),
(62, 99, 62),
(62, 4, 70),
(62, 73, 55),
(62, 12, 53),
(62, 69, 50),
(62, 57, 80),
(62, 6, 30),
(62, 6, 54),
(62, 98, 80),
(62, 98, 26),
(62, 69, 83),
(62, 66, 26),
(62, 13, 37),
(62, 74, 73),
(62, 49, 34),
(62, 85, 88),
(62, 39, 65),
(62, 8, 7),
(62, 3, 75),
(62, 37, 51),
(62, 25, 24),
(62, 59, 59),
(62, 78, 14),
(62, 26, 44),
(62, 41, 65),
(62, 13, 17),
(62, 1, 72),
(62, 46, 19),
(62, 53, 6),
(62, 72, 28),
(62, 24, 89),
(62, 95, 83),
(62, 6, 37),
(62, 4, 39),
(62, 39, 4),
(62, 29, 87),
(62, 66, 21),
(62, 83, 24),
(62, 81, 27),
(62, 64, 17),
(62, 55, 47),
(62, 36, 52),
(62, 98, 40),
(62, 59, 46),
(62, 58, 37),
(62, 77, 73),
(62, 50, 32),
(62, 100, 43),
(62, 78, 87),
(62, 41, 71),
(62, 36, 24),
(62, 53, 86),
(62, 98, 57),
(62, 75, 80),
(62, 16, 87),
(62, 35, 100),
(62, 74, 14),
(62, 36, 63),
(62, 33, 38),
(62, 53, 89),
(62, 42, 76),
(62, 73, 88),
(62, 27, 72),
(62, 45, 99),
(62, 41, 46),
(62, 75, 58),
(62, 78, 58),
(62, 4, 19),
(62, 12, 12),
(62, 88, 16),
(62, 45, 96),
(62, 73, 22),
(62, 44, 83),
(63, 94, 21),
(63, 97, 40),
(63, 34, 33),
(63, 9, 72),
(63, 28, 47),
(63, 82, 87),
(63, 10, 94),
(63, 46, 69),
(63, 75, 69),
(63, 53, 85),
(63, 27, 100),
(63, 43, 12),
(63, 94, 17),
(63, 51, 2),
(63, 92, 74),
(63, 64, 95),
(63, 85, 42),
(63, 26, 21),
(63, 16, 31),
(63, 20, 24),
(63, 33, 32),
(63, 59, 58),
(63, 35, 70),
(63, 61, 49),
(63, 22, 59),
(63, 27, 41),
(63, 1, 13),
(63, 24, 50),
(63, 67, 96),
(63, 87, 81),
(63, 84, 55),
(63, 78, 74),
(63, 62, 24),
(63, 32, 74),
(64, 94, 85),
(64, 67, 28),
(64, 4, 94),
(64, 86, 99),
(64, 16, 10),
(64, 90, 20),
(64, 62, 55),
(64, 76, 50),
(64, 98, 31),
(64, 33, 10),
(64, 12, 49),
(64, 92, 70),
(64, 5, 20),
(64, 31, 52),
(64, 69, 89),
(64, 7, 11),
(64, 26, 1),
(64, 97, 26),
(64, 53, 35),
(64, 14, 78),
(64, 92, 11),
(64, 82, 59),
(64, 64, 14),
(64, 13, 34),
(64, 8, 76),
(64, 13, 2),
(64, 21, 84),
(64, 84, 7),
(64, 68, 98),
(64, 34, 14),
(64, 1, 43),
(64, 33, 90),
(64, 48, 88),
(64, 9, 62),
(64, 33, 20),
(64, 45, 72),
(64, 8, 48),
(64, 26, 34),
(64, 95, 12),
(64, 3, 27),
(64, 12, 88),
(64, 24, 92),
(64, 38, 58),
(64, 88, 79),
(64, 19, 37),
(64, 45, 80),
(64, 69, 43),
(64, 97, 70),
(64, 33, 63),
(64, 96, 68),
(64, 69, 62),
(64, 67, 93),
(64, 16, 55),
(64, 23, 85),
(64, 68, 8),
(64, 14, 49),
(64, 95, 79),
(64, 97, 20),
(64, 86, 73),
(64, 83, 98),
(64, 2, 90),
(64, 53, 49),
(65, 23, 35),
(65, 69, 15),
(65, 96, 39),
(65, 80, 25),
(65, 92, 87),
(65, 99, 89),
(65, 7, 80),
(65, 74, 76),
(65, 19, 61),
(65, 94, 76),
(65, 17, 87),
(65, 40, 37),
(65, 84, 89),
(65, 100, 42),
(65, 47, 37),
(65, 89, 86),
(65, 53, 94),
(65, 78, 94),
(65, 17, 39),
(65, 10, 5),
(65, 23, 76),
(65, 37, 11),
(65, 49, 16),
(65, 91, 38),
(65, 30, 87),
(65, 68, 7),
(65, 65, 69),
(65, 48, 23),
(65, 25, 39),
(65, 7, 93),
(65, 12, 32),
(65, 32, 75),
(65, 4, 74),
(65, 27, 31),
(65, 93, 58),
(65, 97, 20),
(65, 40, 61),
(65, 23, 88),
(65, 79, 52),
(65, 22, 61),
(65, 74, 55),
(65, 1, 15),
(65, 98, 74),
(65, 64, 40),
(65, 76, 92),
(65, 79, 87),
(65, 5, 75),
(65, 86, 97),
(65, 19, 35),
(65, 43, 13),
(65, 66, 62),
(65, 64, 89),
(65, 36, 96),
(65, 7, 37),
(65, 17, 5),
(65, 35, 72),
(65, 51, 76),
(65, 18, 33),
(65, 37, 44),
(65, 100, 48),
(65, 35, 68),
(65, 13, 100),
(65, 41, 2),
(65, 93, 35),
(65, 51, 69),
(65, 19, 84),
(65, 69, 41),
(65, 11, 45),
(65, 6, 3),
(65, 65, 62),
(65, 71, 97),
(65, 51, 44),
(65, 61, 89),
(65, 74, 52),
(65, 94, 9),
(65, 80, 14),
(65, 28, 55),
(65, 64, 2),
(65, 22, 34),
(65, 75, 78),
(65, 16, 32),
(65, 37, 82),
(65, 53, 29),
(65, 87, 91),
(65, 84, 69),
(65, 68, 89),
(65, 100, 77),
(65, 29, 52),
(65, 39, 36),
(66, 11, 85),
(66, 78, 93),
(66, 37, 41),
(66, 82, 92),
(66, 69, 20),
(66, 90, 66),
(66, 17, 35),
(66, 97, 70),
(66, 80, 79),
(66, 40, 24),
(66, 77, 47),
(66, 9, 36),
(66, 34, 16),
(66, 12, 21),
(66, 56, 41),
(66, 72, 95),
(66, 44, 96),
(66, 57, 17),
(66, 2, 94),
(66, 55, 94),
(66, 60, 94),
(66, 42, 14),
(66, 42, 49),
(66, 13, 5),
(66, 57, 20),
(66, 7, 4),
(66, 13, 27),
(66, 96, 35),
(66, 78, 37),
(66, 18, 98),
(66, 20, 8),
(66, 40, 35),
(66, 83, 78),
(66, 39, 67),
(66, 67, 99),
(66, 58, 44),
(66, 8, 29),
(66, 78, 26),
(66, 32, 10),
(66, 39, 49),
(66, 79, 29),
(66, 21, 39),
(66, 28, 8),
(66, 19, 89),
(66, 67, 88),
(66, 68, 19),
(66, 66, 57),
(66, 74, 8),
(66, 48, 99),
(66, 87, 63),
(66, 46, 57),
(66, 58, 16),
(66, 92, 25),
(66, 51, 50),
(66, 72, 17),
(66, 70, 33),
(66, 76, 5),
(66, 82, 59),
(66, 70, 17),
(66, 1, 42),
(66, 39, 83),
(66, 66, 56),
(66, 65, 28),
(66, 53, 29),
(66, 82, 88),
(66, 38, 45),
(66, 89, 51),
(66, 5, 24),
(66, 75, 51),
(66, 89, 18),
(66, 48, 18),
(66, 32, 90),
(66, 95, 40),
(66, 61, 80),
(66, 19, 54),
(66, 59, 10),
(66, 16, 37),
(66, 93, 68),
(66, 17, 41),
(66, 42, 52),
(66, 71, 67),
(66, 4, 9),
(66, 10, 5),
(66, 43, 82),
(66, 7, 30),
(67, 38, 55),
(67, 60, 77),
(67, 87, 66),
(67, 40, 100),
(67, 3, 43),
(67, 8, 91),
(67, 23, 32),
(67, 37, 37),
(67, 61, 37),
(67, 31, 90),
(67, 23, 1),
(67, 66, 54),
(67, 92, 100),
(67, 10, 55),
(67, 18, 41),
(67, 48, 15),
(67, 44, 26),
(67, 83, 12),
(67, 96, 78),
(67, 29, 35),
(67, 57, 47),
(67, 57, 98),
(67, 43, 49),
(67, 93, 86),
(67, 27, 25),
(67, 59, 84),
(67, 65, 77),
(67, 50, 83),
(67, 91, 54),
(67, 30, 70),
(67, 96, 59),
(67, 75, 42),
(67, 52, 50),
(67, 34, 68),
(67, 45, 96),
(67, 57, 60),
(67, 87, 2),
(67, 49, 84),
(67, 60, 97),
(67, 89, 66),
(67, 28, 57),
(67, 32, 31),
(67, 39, 42),
(67, 47, 27),
(67, 98, 31),
(67, 68, 33),
(67, 43, 44),
(67, 10, 82),
(67, 55, 13),
(68, 36, 63),
(68, 19, 70),
(68, 79, 86),
(68, 61, 42),
(68, 89, 76),
(68, 63, 99),
(68, 79, 97),
(68, 96, 27),
(68, 93, 14),
(68, 36, 44),
(68, 71, 98),
(68, 19, 18),
(68, 37, 54),
(68, 78, 31),
(68, 82, 49),
(68, 98, 88),
(68, 40, 84),
(68, 5, 74),
(68, 55, 33),
(68, 70, 48),
(68, 93, 70),
(68, 8, 79),
(68, 5, 8),
(68, 9, 100),
(68, 86, 41),
(68, 75, 12),
(68, 89, 27),
(68, 72, 98),
(68, 1, 82),
(68, 54, 24),
(68, 23, 79),
(68, 1, 67),
(68, 7, 86),
(68, 56, 49),
(68, 14, 65),
(68, 21, 79),
(68, 68, 94),
(68, 85, 80),
(68, 91, 67),
(68, 63, 35),
(68, 28, 16),
(68, 96, 68),
(68, 38, 13),
(68, 31, 70),
(68, 25, 89),
(68, 50, 87),
(68, 49, 38),
(68, 77, 85),
(68, 27, 89),
(68, 97, 51),
(68, 47, 40),
(68, 19, 19),
(68, 62, 54),
(68, 90, 46),
(68, 70, 75),
(68, 91, 97),
(68, 56, 48),
(68, 28, 67),
(68, 81, 90),
(68, 6, 3),
(68, 21, 46),
(68, 54, 43),
(68, 43, 16),
(68, 38, 80),
(68, 81, 20),
(68, 33, 1),
(68, 86, 100),
(68, 41, 94),
(68, 85, 20),
(68, 72, 46),
(68, 45, 46),
(68, 15, 65),
(68, 61, 81),
(68, 17, 21),
(68, 87, 40),
(68, 68, 83),
(68, 56, 27),
(68, 39, 41),
(68, 30, 58),
(68, 60, 3),
(68, 4, 77),
(68, 18, 42),
(68, 4, 38),
(68, 21, 46),
(68, 66, 37),
(68, 25, 47),
(68, 97, 84),
(68, 65, 59),
(68, 28, 95),
(68, 93, 43),
(68, 99, 72),
(68, 21, 73),
(69, 95, 90),
(69, 95, 91),
(69, 79, 45),
(69, 90, 19),
(69, 14, 92),
(69, 38, 90),
(69, 27, 49),
(69, 48, 33),
(69, 42, 28),
(69, 51, 94),
(69, 48, 78),
(69, 42, 95),
(69, 36, 29),
(69, 42, 66),
(69, 78, 34),
(69, 40, 38),
(69, 11, 8),
(69, 77, 11),
(69, 50, 25),
(69, 28, 55),
(69, 54, 31),
(69, 100, 99),
(69, 31, 8),
(69, 71, 80),
(69, 85, 81),
(69, 54, 7),
(69, 75, 79),
(69, 41, 31),
(69, 100, 95),
(69, 61, 98),
(69, 52, 16),
(69, 69, 85),
(69, 29, 18),
(69, 10, 88),
(69, 99, 17),
(69, 63, 8),
(69, 93, 31),
(69, 11, 83),
(69, 100, 74),
(69, 56, 97),
(69, 58, 97),
(69, 56, 41),
(70, 64, 28),
(70, 47, 18),
(70, 63, 96),
(70, 44, 63),
(70, 31, 90),
(71, 7, 83),
(71, 47, 52),
(71, 86, 79),
(71, 71, 19),
(71, 19, 24),
(71, 49, 89),
(71, 53, 51),
(71, 92, 18),
(71, 9, 69),
(71, 10, 50),
(71, 11, 59),
(71, 63, 46),
(71, 11, 64),
(71, 94, 87),
(71, 68, 91),
(71, 7, 12),
(71, 7, 92),
(72, 100, 36),
(72, 22, 88),
(72, 35, 95),
(72, 16, 89),
(72, 14, 4),
(72, 10, 55),
(72, 81, 71),
(72, 12, 40),
(72, 94, 84),
(72, 32, 37),
(72, 83, 73),
(72, 9, 65),
(72, 68, 95),
(72, 93, 39),
(72, 93, 33),
(72, 25, 81),
(72, 54, 37),
(72, 90, 20),
(72, 44, 84),
(72, 82, 82),
(72, 79, 93),
(73, 85, 73),
(73, 89, 40),
(73, 1, 49),
(73, 61, 30),
(73, 47, 76),
(73, 35, 27),
(73, 90, 53),
(73, 66, 64),
(73, 89, 72),
(73, 11, 89),
(73, 34, 14),
(73, 14, 49),
(73, 91, 92),
(73, 74, 58),
(73, 48, 82),
(73, 47, 71),
(73, 2, 3),
(73, 48, 79),
(73, 71, 99),
(73, 20, 98),
(73, 91, 97),
(73, 28, 85),
(73, 87, 23),
(73, 25, 70),
(73, 76, 47),
(73, 7, 4),
(73, 94, 15),
(73, 43, 100),
(73, 66, 94),
(73, 69, 37),
(73, 88, 28),
(73, 90, 54),
(73, 53, 32),
(73, 75, 53),
(73, 56, 49),
(73, 61, 34),
(73, 39, 43),
(73, 12, 60),
(73, 17, 39),
(73, 5, 91),
(73, 94, 48),
(73, 73, 27),
(73, 10, 75),
(73, 94, 68),
(73, 69, 66),
(74, 84, 100),
(74, 67, 23),
(74, 56, 16),
(75, 56, 11),
(75, 73, 3),
(75, 40, 83),
(75, 5, 67),
(75, 15, 21),
(75, 66, 5),
(75, 37, 67),
(75, 18, 37),
(75, 7, 98),
(75, 22, 88),
(75, 31, 49),
(75, 26, 39),
(75, 94, 65),
(75, 11, 58),
(75, 15, 55),
(75, 12, 35),
(75, 70, 88),
(75, 90, 13),
(75, 97, 97),
(75, 30, 15),
(75, 98, 56),
(75, 32, 5),
(75, 97, 81),
(75, 22, 40),
(75, 39, 48),
(75, 94, 29),
(75, 63, 13),
(75, 67, 44),
(75, 40, 94),
(75, 97, 46),
(75, 87, 37),
(75, 4, 97),
(75, 58, 13),
(75, 63, 78),
(75, 77, 35),
(75, 65, 4),
(75, 12, 76),
(75, 40, 7),
(75, 42, 58),
(75, 16, 87),
(75, 88, 38),
(75, 6, 26),
(75, 9, 43),
(76, 44, 61),
(76, 20, 20),
(76, 74, 49),
(76, 3, 7),
(76, 38, 67),
(76, 84, 91),
(76, 30, 100),
(76, 78, 75),
(76, 54, 29),
(76, 95, 38),
(76, 93, 33),
(76, 1, 71),
(76, 43, 85),
(76, 19, 39),
(76, 89, 93),
(76, 75, 69),
(76, 99, 8),
(76, 73, 12),
(76, 2, 18),
(76, 43, 31),
(76, 38, 48),
(76, 62, 65),
(76, 21, 28),
(76, 86, 28),
(76, 49, 73),
(76, 34, 50),
(76, 90, 41),
(76, 74, 60),
(76, 72, 77),
(76, 96, 3),
(76, 16, 77),
(76, 24, 20),
(76, 100, 84),
(76, 43, 56),
(76, 60, 78),
(76, 75, 27),
(76, 46, 100),
(76, 61, 40),
(76, 25, 64),
(76, 70, 50),
(76, 14, 91),
(76, 70, 54),
(76, 31, 10),
(76, 30, 1),
(76, 84, 16),
(76, 33, 88),
(76, 87, 100),
(76, 22, 48),
(76, 75, 29),
(76, 88, 87),
(76, 64, 19),
(76, 53, 8),
(76, 53, 16),
(76, 43, 69),
(76, 94, 8),
(76, 8, 3),
(76, 24, 77),
(76, 100, 46),
(76, 66, 46),
(76, 57, 27),
(76, 1, 57),
(76, 82, 26),
(76, 47, 55),
(76, 61, 56),
(76, 79, 22),
(76, 10, 33),
(76, 72, 54),
(76, 3, 93),
(76, 40, 17),
(76, 21, 35),
(76, 59, 80),
(76, 74, 27),
(76, 12, 27),
(76, 5, 20),
(76, 55, 67),
(76, 11, 17),
(76, 96, 61),
(76, 48, 82),
(76, 43, 57),
(77, 49, 1),
(77, 18, 25),
(77, 15, 30),
(77, 54, 77),
(77, 2, 43),
(77, 15, 78),
(77, 24, 55),
(77, 68, 20),
(77, 43, 46),
(77, 98, 34),
(77, 81, 44),
(77, 96, 31),
(77, 61, 12),
(77, 79, 3),
(77, 8, 49),
(77, 57, 32),
(77, 24, 66),
(78, 17, 95),
(78, 54, 86),
(78, 95, 36),
(78, 64, 2),
(78, 26, 11),
(78, 23, 63),
(78, 94, 92),
(78, 5, 28),
(78, 60, 96),
(78, 38, 86),
(78, 12, 31),
(78, 82, 54),
(79, 58, 54),
(79, 43, 13),
(79, 72, 12),
(79, 42, 37),
(79, 39, 90),
(79, 62, 12),
(79, 84, 10),
(79, 93, 50),
(79, 46, 56),
(79, 2, 17),
(79, 89, 28),
(79, 24, 29),
(79, 60, 47),
(79, 2, 55),
(79, 79, 64),
(79, 1, 12),
(79, 84, 48),
(79, 51, 55),
(79, 16, 95),
(79, 38, 79),
(79, 29, 12),
(79, 36, 38),
(79, 21, 71),
(79, 21, 79),
(79, 73, 55),
(79, 51, 29),
(79, 35, 19),
(79, 88, 35),
(79, 73, 80),
(79, 1, 39),
(79, 75, 18),
(79, 82, 34),
(79, 46, 61),
(79, 74, 70),
(79, 54, 4),
(79, 48, 47),
(79, 37, 37),
(79, 38, 22),
(79, 21, 64),
(79, 49, 51),
(79, 32, 13),
(79, 34, 21),
(79, 14, 35)
INSERT PurchaseItem (PurchaseID, ProductID, ShopID)VALUES
(79, 55, 43),
(79, 11, 14),
(79, 97, 17),
(79, 17, 55),
(79, 48, 75),
(79, 88, 43),
(79, 79, 77),
(79, 80, 89),
(79, 6, 41),
(79, 59, 28),
(79, 93, 32),
(79, 96, 36),
(79, 63, 27),
(79, 27, 4),
(79, 59, 1),
(79, 74, 48),
(79, 54, 29),
(79, 15, 91),
(79, 73, 30),
(79, 54, 28),
(79, 32, 24),
(79, 78, 24),
(79, 15, 69),
(79, 31, 40),
(79, 3, 12),
(79, 11, 97),
(80, 71, 72),
(80, 87, 25),
(80, 82, 75),
(80, 82, 85),
(80, 58, 11),
(80, 59, 34),
(80, 30, 8),
(80, 85, 44),
(80, 79, 85),
(80, 57, 66),
(81, 35, 86),
(81, 68, 45),
(81, 43, 71),
(81, 28, 76),
(81, 64, 76),
(81, 56, 33),
(81, 94, 13),
(81, 91, 39),
(81, 20, 85),
(81, 20, 84),
(81, 19, 1),
(81, 1, 60),
(81, 12, 3),
(81, 6, 3),
(81, 73, 26),
(81, 83, 77),
(81, 32, 88),
(81, 44, 14),
(81, 24, 36),
(81, 64, 3),
(81, 76, 41),
(81, 4, 27),
(81, 89, 10),
(81, 13, 9),
(81, 62, 100),
(82, 77, 29),
(82, 78, 86),
(82, 62, 81),
(82, 8, 21),
(82, 43, 51),
(82, 41, 31),
(82, 42, 55),
(82, 91, 93),
(82, 49, 58),
(82, 50, 86),
(82, 88, 51),
(82, 20, 21),
(82, 38, 88),
(82, 88, 67),
(82, 95, 72),
(82, 68, 32),
(82, 50, 55),
(82, 53, 29),
(82, 75, 89),
(82, 99, 20),
(82, 80, 80),
(82, 64, 31),
(82, 8, 51),
(82, 29, 66),
(82, 92, 67),
(82, 72, 72),
(82, 25, 97),
(82, 48, 96),
(82, 78, 56),
(82, 86, 56),
(82, 86, 93),
(82, 64, 34),
(82, 84, 32),
(82, 83, 48),
(83, 53, 63),
(83, 66, 16),
(83, 34, 76),
(83, 10, 55),
(83, 15, 62),
(83, 42, 28),
(83, 67, 12),
(83, 35, 75),
(83, 85, 12),
(83, 5, 86),
(83, 52, 68),
(83, 27, 3),
(83, 27, 9),
(83, 3, 99),
(83, 45, 12),
(83, 23, 53),
(83, 76, 20),
(83, 55, 8),
(83, 40, 7),
(83, 65, 9),
(83, 91, 60),
(83, 31, 87),
(83, 27, 89),
(83, 92, 91),
(83, 56, 90),
(83, 38, 54),
(83, 54, 53),
(83, 54, 68),
(83, 56, 12),
(83, 20, 36),
(83, 90, 60),
(83, 40, 42),
(83, 69, 99),
(83, 46, 95),
(83, 17, 16),
(83, 46, 15),
(83, 100, 10),
(83, 95, 19),
(83, 4, 66),
(83, 93, 45),
(83, 64, 13),
(83, 39, 77),
(83, 31, 6),
(83, 86, 29),
(83, 86, 59),
(83, 84, 37),
(83, 25, 89),
(83, 29, 15),
(83, 63, 28),
(83, 8, 5),
(83, 1, 9),
(83, 8, 52),
(83, 64, 68),
(83, 5, 7),
(83, 94, 57),
(83, 52, 49),
(83, 18, 22),
(83, 37, 87),
(83, 59, 1),
(83, 92, 61),
(83, 67, 98),
(83, 38, 38),
(83, 28, 96),
(83, 74, 35),
(83, 79, 24),
(83, 95, 8),
(83, 68, 25),
(83, 68, 21),
(83, 64, 38),
(83, 77, 44),
(83, 56, 5),
(83, 51, 74),
(83, 15, 38),
(83, 71, 55),
(83, 10, 8),
(83, 71, 93),
(83, 3, 57),
(83, 70, 88),
(83, 12, 71),
(83, 50, 84),
(83, 53, 13),
(83, 34, 47),
(83, 93, 68),
(83, 40, 82),
(83, 63, 8),
(83, 39, 29),
(83, 59, 83),
(83, 98, 49),
(83, 69, 95),
(83, 93, 30),
(83, 32, 33),
(83, 16, 49),
(84, 71, 20),
(84, 40, 81),
(84, 66, 28),
(84, 73, 92),
(84, 40, 45),
(84, 11, 66),
(84, 86, 25),
(84, 79, 98),
(84, 3, 11),
(84, 33, 96),
(84, 25, 71),
(84, 83, 91),
(84, 31, 12),
(84, 46, 100),
(84, 71, 73),
(84, 64, 81),
(84, 14, 61),
(84, 58, 82),
(84, 82, 30),
(84, 99, 39),
(84, 75, 99),
(84, 88, 9),
(84, 74, 80),
(84, 69, 46),
(84, 9, 46),
(84, 28, 99),
(84, 79, 96),
(84, 1, 64),
(84, 87, 2),
(84, 14, 99),
(84, 66, 84),
(84, 15, 52),
(84, 18, 57),
(84, 16, 29),
(84, 52, 40),
(84, 30, 80),
(84, 22, 46),
(84, 100, 61),
(84, 9, 46),
(84, 47, 10),
(84, 72, 57),
(84, 40, 76),
(84, 10, 10),
(84, 64, 40),
(84, 33, 45),
(84, 72, 42),
(84, 92, 54),
(84, 59, 5),
(84, 58, 89),
(84, 36, 59),
(84, 19, 87),
(84, 28, 73),
(84, 14, 4),
(84, 83, 30),
(84, 48, 78),
(84, 62, 52),
(84, 20, 56),
(84, 41, 36),
(84, 43, 56),
(84, 74, 8),
(84, 78, 70),
(84, 22, 26),
(84, 34, 7),
(84, 70, 10),
(84, 15, 97),
(84, 5, 46),
(84, 24, 31),
(84, 32, 2),
(84, 2, 43),
(84, 2, 67),
(84, 70, 38),
(84, 45, 60),
(84, 52, 39),
(84, 36, 62),
(84, 26, 52),
(84, 46, 11),
(84, 74, 89),
(84, 95, 94),
(84, 99, 39),
(84, 38, 5),
(85, 21, 45),
(85, 8, 43),
(85, 45, 22),
(85, 19, 30),
(85, 72, 3),
(85, 52, 55),
(85, 44, 80),
(85, 54, 43),
(85, 19, 81),
(85, 12, 23),
(85, 29, 30),
(85, 38, 8),
(85, 98, 8),
(85, 13, 55),
(85, 18, 20),
(85, 12, 1),
(85, 13, 79),
(85, 85, 34),
(85, 8, 66),
(85, 46, 62),
(85, 85, 48),
(85, 21, 8),
(85, 50, 70),
(85, 4, 86),
(85, 45, 22),
(85, 25, 8),
(85, 99, 52),
(85, 69, 8),
(85, 70, 80),
(85, 31, 34),
(85, 71, 52),
(85, 27, 13),
(85, 72, 85),
(85, 36, 30),
(85, 26, 63),
(85, 51, 48),
(85, 63, 35),
(85, 49, 55),
(85, 81, 59),
(85, 46, 53),
(85, 62, 100),
(85, 83, 21),
(85, 83, 43),
(85, 21, 74),
(85, 87, 28),
(85, 95, 60),
(85, 50, 76),
(85, 26, 77),
(85, 89, 76),
(85, 67, 47),
(85, 96, 78),
(85, 17, 56),
(85, 69, 8),
(85, 71, 26),
(85, 6, 88),
(85, 88, 71),
(85, 34, 46),
(85, 77, 64),
(85, 80, 16),
(85, 55, 82),
(85, 36, 65),
(85, 14, 61),
(85, 2, 95),
(85, 13, 13),
(85, 69, 72),
(85, 27, 33),
(85, 8, 3),
(85, 49, 6),
(86, 16, 15),
(86, 24, 65),
(86, 18, 48),
(86, 65, 94),
(86, 100, 67),
(86, 70, 41),
(86, 60, 75),
(86, 10, 83),
(86, 66, 86),
(86, 38, 64),
(86, 21, 68),
(86, 28, 76),
(86, 5, 90),
(86, 13, 28),
(86, 98, 84),
(86, 15, 35),
(86, 84, 53),
(86, 55, 9),
(86, 85, 31),
(86, 37, 44),
(86, 29, 19),
(86, 66, 5),
(86, 48, 86),
(86, 57, 73),
(86, 65, 75),
(86, 57, 24),
(86, 17, 51),
(86, 81, 23),
(86, 73, 14),
(86, 49, 57),
(86, 16, 68),
(86, 36, 19),
(86, 56, 20),
(86, 31, 84),
(86, 12, 40),
(86, 81, 73),
(86, 10, 85),
(86, 83, 6),
(86, 39, 56),
(86, 6, 77),
(86, 51, 97),
(86, 59, 12),
(86, 1, 47),
(86, 34, 17),
(86, 18, 45),
(86, 2, 68),
(86, 93, 71),
(86, 84, 28),
(87, 42, 91),
(87, 49, 22),
(87, 3, 91),
(87, 78, 26),
(87, 84, 73),
(87, 93, 62),
(87, 98, 39),
(87, 52, 66),
(87, 46, 17),
(87, 16, 13),
(87, 71, 53),
(87, 97, 4),
(87, 51, 53),
(87, 61, 93),
(87, 80, 39),
(87, 91, 70),
(87, 2, 77),
(87, 37, 88),
(87, 76, 26),
(87, 17, 71),
(87, 82, 81),
(87, 30, 35),
(87, 98, 1),
(87, 82, 53),
(87, 83, 81),
(87, 47, 74),
(87, 53, 5),
(87, 32, 79),
(87, 35, 84),
(87, 38, 29),
(87, 41, 55),
(87, 87, 15),
(87, 58, 38),
(87, 33, 50),
(87, 85, 74),
(87, 34, 25),
(87, 46, 58),
(87, 98, 21),
(87, 87, 34),
(87, 13, 22),
(87, 83, 37),
(87, 87, 59),
(87, 19, 33),
(87, 90, 54),
(87, 84, 57),
(87, 95, 43),
(87, 100, 18),
(87, 55, 11),
(87, 68, 62),
(87, 71, 84),
(87, 77, 37),
(87, 77, 39),
(87, 90, 96),
(87, 85, 65),
(87, 30, 52),
(87, 13, 38),
(87, 6, 35),
(87, 13, 3),
(87, 9, 70),
(87, 17, 97),
(87, 65, 10),
(87, 87, 95),
(87, 33, 22),
(87, 55, 25),
(87, 65, 1),
(87, 38, 57),
(87, 22, 100),
(87, 99, 34),
(87, 35, 87),
(87, 12, 2),
(87, 79, 97),
(87, 92, 36),
(87, 19, 65),
(87, 95, 3),
(87, 82, 22),
(87, 11, 54),
(87, 48, 21),
(87, 62, 28),
(87, 68, 45),
(87, 56, 97),
(87, 13, 43),
(87, 22, 26),
(87, 6, 100),
(87, 35, 41),
(87, 1, 88),
(87, 90, 93),
(87, 37, 16),
(87, 44, 97),
(87, 24, 78),
(87, 35, 46),
(87, 87, 50),
(88, 61, 44),
(88, 14, 39),
(88, 46, 65),
(88, 76, 52),
(88, 41, 37),
(88, 6, 52),
(89, 34, 19),
(89, 30, 65),
(89, 48, 53),
(89, 63, 85),
(89, 97, 76),
(89, 36, 36),
(89, 91, 89),
(89, 61, 9),
(89, 24, 95),
(89, 66, 48),
(89, 83, 33),
(89, 3, 51),
(89, 18, 64),
(89, 23, 86),
(89, 86, 41),
(89, 87, 70),
(89, 2, 91),
(89, 74, 50),
(89, 3, 71),
(89, 100, 23),
(89, 4, 95),
(89, 17, 50),
(89, 29, 52),
(89, 59, 24),
(89, 45, 15),
(89, 43, 42),
(89, 60, 11),
(89, 40, 56),
(89, 90, 93),
(89, 48, 54),
(89, 58, 64),
(89, 47, 45),
(89, 54, 30),
(89, 1, 15),
(89, 31, 95),
(89, 32, 35),
(89, 20, 4),
(89, 78, 3),
(89, 50, 14),
(89, 83, 18),
(89, 90, 84),
(89, 78, 28),
(89, 50, 30),
(89, 40, 8),
(89, 72, 4),
(89, 30, 53),
(89, 49, 55),
(89, 49, 88),
(89, 26, 34),
(89, 27, 21),
(89, 33, 11),
(89, 51, 44),
(89, 61, 15),
(89, 55, 34),
(89, 33, 91),
(89, 77, 40),
(89, 18, 21),
(89, 60, 87),
(89, 40, 58),
(89, 60, 5),
(89, 60, 17),
(89, 93, 91),
(89, 7, 64),
(89, 48, 75),
(89, 1, 50),
(89, 74, 99),
(89, 78, 37),
(89, 45, 95),
(90, 28, 33),
(90, 95, 65),
(90, 93, 64),
(90, 65, 15),
(90, 7, 11),
(90, 63, 84),
(90, 39, 88),
(90, 4, 51),
(90, 54, 65),
(90, 69, 7),
(90, 5, 84),
(90, 37, 68),
(90, 58, 20),
(90, 55, 12),
(90, 59, 77),
(90, 47, 63),
(90, 36, 90),
(90, 6, 66),
(90, 10, 29),
(90, 2, 99),
(90, 79, 31),
(90, 77, 26),
(90, 91, 84),
(90, 85, 94),
(90, 1, 89),
(90, 16, 22),
(90, 6, 4),
(90, 77, 25),
(90, 45, 7),
(90, 51, 57),
(90, 29, 5),
(90, 40, 48),
(90, 91, 46),
(90, 36, 96),
(90, 43, 53),
(90, 35, 24),
(90, 39, 67),
(90, 1, 38),
(90, 69, 57),
(90, 28, 60),
(90, 98, 50),
(90, 83, 66),
(90, 60, 90),
(90, 93, 28),
(90, 17, 10),
(90, 4, 63),
(90, 24, 41),
(90, 47, 41),
(90, 92, 59),
(90, 30, 71),
(90, 71, 28),
(90, 48, 51),
(90, 65, 55),
(90, 65, 85),
(90, 68, 39),
(90, 17, 21),
(90, 86, 89),
(90, 81, 41),
(90, 40, 71),
(90, 29, 85),
(90, 70, 93),
(90, 29, 72),
(90, 17, 70),
(90, 28, 4),
(90, 20, 82),
(90, 94, 86),
(90, 62, 17),
(90, 41, 31),
(90, 38, 54),
(90, 98, 78),
(90, 40, 97),
(90, 85, 5),
(90, 76, 98),
(90, 50, 65),
(90, 77, 47),
(90, 9, 26),
(90, 39, 39),
(90, 72, 31),
(90, 75, 12),
(90, 56, 36),
(90, 22, 14),
(90, 5, 13),
(90, 9, 22),
(90, 62, 44),
(90, 49, 77),
(90, 96, 69),
(90, 67, 5),
(90, 14, 41),
(90, 93, 88),
(90, 66, 33),
(90, 57, 50),
(90, 5, 49),
(91, 33, 69),
(91, 55, 44),
(91, 58, 87),
(91, 81, 53),
(91, 100, 27),
(91, 77, 4),
(91, 66, 28),
(91, 21, 75),
(91, 59, 96),
(91, 1, 56),
(91, 80, 47),
(91, 93, 1),
(91, 50, 28),
(91, 20, 69),
(91, 41, 60),
(91, 100, 9),
(91, 81, 43),
(91, 27, 57),
(91, 88, 1),
(91, 57, 60),
(91, 12, 31),
(91, 23, 97),
(91, 2, 26),
(91, 4, 96),
(91, 23, 15),
(91, 98, 36),
(91, 38, 72),
(91, 31, 27),
(91, 35, 54),
(91, 96, 31),
(91, 22, 55),
(91, 50, 89),
(91, 95, 22),
(91, 55, 87),
(91, 37, 20),
(91, 35, 98),
(91, 20, 41),
(91, 68, 90),
(91, 51, 68),
(91, 62, 85),
(91, 85, 55),
(91, 44, 62),
(91, 92, 27),
(91, 7, 86),
(91, 16, 78),
(91, 24, 56),
(91, 5, 34),
(91, 35, 2),
(91, 99, 37),
(91, 41, 10),
(91, 81, 5),
(91, 67, 1),
(91, 76, 70),
(91, 92, 85),
(91, 38, 41),
(91, 89, 23),
(91, 78, 32),
(91, 86, 93),
(91, 45, 83),
(91, 13, 92),
(91, 65, 85),
(91, 82, 84),
(91, 29, 16),
(91, 41, 14),
(91, 34, 61),
(91, 83, 98),
(91, 21, 43),
(91, 85, 91),
(91, 45, 5),
(91, 74, 88),
(91, 85, 26),
(91, 60, 100),
(91, 45, 41),
(91, 82, 52),
(91, 65, 73),
(91, 92, 35),
(91, 71, 67),
(91, 55, 47),
(91, 99, 5),
(91, 70, 78),
(91, 83, 73),
(91, 89, 27),
(91, 88, 43),
(91, 44, 34),
(91, 30, 43),
(91, 4, 34),
(91, 10, 91),
(91, 6, 62),
(91, 78, 83),
(91, 86, 61),
(92, 93, 45),
(92, 55, 78),
(92, 17, 61),
(92, 71, 62),
(92, 95, 41),
(92, 30, 47),
(92, 34, 43),
(92, 4, 33),
(92, 48, 38),
(92, 84, 86),
(92, 54, 87),
(92, 63, 32),
(92, 31, 89),
(92, 65, 44),
(92, 11, 10),
(92, 30, 59),
(92, 57, 40),
(92, 86, 85),
(92, 26, 12),
(92, 64, 29),
(92, 79, 17),
(92, 60, 48),
(92, 25, 52),
(92, 51, 62),
(92, 32, 59),
(92, 71, 5),
(92, 54, 12),
(92, 26, 87),
(92, 17, 28),
(92, 36, 10),
(92, 54, 88),
(92, 77, 97),
(92, 67, 2),
(92, 43, 86),
(92, 75, 74),
(92, 100, 46),
(92, 32, 15),
(92, 98, 69),
(92, 1, 64),
(92, 100, 87),
(92, 34, 100),
(92, 20, 14),
(92, 29, 14),
(92, 22, 61),
(92, 74, 29),
(92, 51, 59),
(92, 10, 68),
(92, 53, 100),
(92, 10, 75),
(92, 43, 5),
(92, 94, 81),
(92, 16, 78),
(92, 64, 45),
(92, 85, 62),
(92, 35, 7),
(92, 86, 61),
(92, 18, 68),
(92, 88, 81),
(92, 11, 80),
(92, 48, 17),
(92, 76, 19),
(92, 43, 37),
(92, 31, 18),
(92, 75, 4),
(92, 96, 100),
(92, 49, 86),
(92, 49, 41),
(92, 71, 21),
(92, 41, 53),
(92, 40, 26),
(92, 57, 23),
(92, 74, 4),
(92, 96, 36),
(92, 75, 57),
(92, 64, 75),
(92, 31, 93),
(92, 42, 23),
(92, 12, 38),
(92, 1, 55),
(92, 19, 12),
(92, 8, 13),
(92, 94, 56),
(92, 34, 40),
(92, 51, 15),
(92, 74, 42),
(93, 30, 88),
(93, 8, 5),
(93, 67, 83),
(93, 20, 96),
(93, 74, 84),
(93, 23, 16),
(93, 92, 12),
(93, 11, 75),
(93, 2, 5),
(93, 69, 36),
(93, 72, 16),
(93, 1, 18),
(93, 80, 22),
(93, 96, 15),
(93, 81, 29),
(93, 50, 91),
(93, 28, 24),
(93, 32, 10),
(93, 57, 58),
(93, 92, 30),
(93, 33, 96),
(93, 16, 31),
(93, 74, 66),
(93, 92, 61),
(93, 96, 39),
(93, 87, 52),
(93, 7, 86),
(93, 91, 11),
(93, 68, 48),
(93, 71, 15),
(93, 93, 75),
(93, 14, 100),
(93, 23, 21),
(93, 74, 3),
(93, 26, 30),
(93, 22, 90),
(93, 16, 94),
(93, 48, 2),
(93, 42, 19),
(93, 37, 35),
(93, 83, 73),
(93, 14, 97),
(93, 1, 46),
(93, 79, 85),
(93, 93, 96),
(93, 90, 97),
(93, 2, 9),
(93, 94, 29),
(93, 37, 27),
(93, 100, 14),
(93, 59, 96),
(93, 42, 84),
(93, 36, 75),
(93, 98, 87),
(93, 99, 55),
(93, 54, 13),
(93, 25, 40),
(93, 33, 51),
(93, 2, 64),
(93, 44, 25),
(93, 90, 96),
(93, 63, 19),
(93, 92, 79),
(93, 57, 50),
(93, 1, 61),
(93, 47, 42),
(93, 99, 99),
(93, 3, 4),
(93, 80, 39),
(93, 52, 79),
(93, 77, 20),
(93, 70, 27),
(93, 26, 47),
(93, 2, 95),
(93, 19, 67),
(93, 80, 63),
(93, 35, 85),
(93, 10, 72),
(93, 40, 55),
(93, 25, 87),
(93, 28, 16),
(93, 87, 79),
(93, 55, 85),
(93, 79, 91),
(93, 84, 93),
(93, 92, 3),
(94, 93, 100),
(94, 43, 2),
(94, 35, 1),
(94, 8, 43),
(94, 80, 55),
(94, 10, 37),
(94, 48, 85),
(94, 68, 53),
(94, 48, 21),
(94, 59, 72),
(94, 21, 1),
(94, 79, 95),
(94, 31, 57),
(94, 53, 28),
(94, 45, 57),
(94, 18, 11),
(94, 39, 57),
(94, 16, 82),
(94, 53, 10),
(94, 63, 17),
(94, 38, 42),
(94, 89, 17),
(94, 67, 6),
(94, 68, 15),
(94, 85, 68),
(94, 35, 59),
(94, 60, 56),
(94, 3, 21),
(94, 98, 3),
(94, 76, 95),
(94, 99, 58),
(94, 57, 33),
(94, 78, 95),
(94, 25, 66),
(94, 55, 57),
(94, 30, 56),
(94, 19, 73),
(94, 82, 74),
(94, 85, 81),
(94, 99, 23),
(94, 2, 12),
(94, 23, 1),
(94, 88, 37),
(95, 85, 5),
(95, 12, 42),
(95, 19, 26),
(95, 54, 47),
(95, 58, 100),
(95, 62, 72),
(95, 63, 42),
(95, 28, 19),
(95, 3, 100),
(95, 16, 13),
(95, 95, 90),
(95, 74, 22),
(95, 41, 63),
(95, 100, 20),
(95, 33, 16),
(95, 82, 97),
(95, 53, 16),
(95, 31, 1),
(95, 89, 39),
(95, 5, 47),
(95, 19, 74),
(95, 61, 98),
(95, 18, 77),
(95, 100, 16),
(95, 48, 87),
(95, 73, 34),
(95, 86, 21),
(95, 36, 98),
(95, 75, 13),
(95, 6, 5),
(95, 11, 41),
(95, 58, 43),
(95, 21, 65),
(95, 56, 57),
(95, 91, 25),
(95, 56, 82),
(95, 9, 99),
(95, 12, 17),
(95, 33, 47),
(95, 81, 85),
(95, 53, 96),
(95, 24, 72),
(95, 1, 22),
(96, 68, 13),
(96, 74, 63),
(96, 71, 96),
(96, 83, 84),
(96, 68, 99),
(96, 48, 65),
(96, 7, 10),
(96, 35, 61),
(96, 20, 45),
(96, 99, 57),
(96, 43, 15),
(96, 100, 21),
(96, 22, 47)
INSERT PurchaseItem (PurchaseID, ProductID, ShopID)VALUES
(96, 69, 21),
(96, 49, 4),
(96, 72, 64),
(96, 65, 76),
(96, 64, 12),
(96, 18, 94),
(96, 35, 74),
(96, 32, 64),
(96, 53, 19),
(96, 7, 6),
(96, 60, 12),
(96, 37, 13),
(96, 74, 17),
(96, 30, 90),
(96, 64, 48),
(96, 50, 46),
(96, 84, 88),
(96, 32, 66),
(96, 69, 12),
(96, 35, 3),
(96, 17, 58),
(96, 33, 16),
(96, 88, 83),
(96, 21, 51),
(96, 4, 49),
(96, 25, 40),
(96, 4, 71),
(96, 41, 3),
(96, 76, 43),
(96, 15, 77),
(96, 81, 53),
(96, 91, 58),
(96, 53, 83),
(96, 9, 86),
(96, 74, 24),
(96, 96, 40),
(96, 3, 34),
(96, 77, 94),
(96, 95, 59),
(96, 24, 62),
(96, 49, 82),
(96, 70, 96),
(96, 47, 38),
(96, 81, 33),
(96, 31, 10),
(96, 44, 67),
(96, 51, 57),
(96, 46, 71),
(96, 100, 61),
(96, 88, 55),
(96, 29, 28),
(96, 92, 68),
(96, 97, 99),
(97, 24, 49),
(97, 34, 6),
(97, 71, 89),
(97, 77, 84),
(97, 65, 90),
(97, 17, 5),
(97, 95, 96),
(97, 10, 42),
(97, 87, 37),
(97, 40, 42),
(97, 74, 38),
(97, 23, 93),
(97, 29, 22),
(97, 75, 20),
(97, 73, 60),
(97, 44, 31),
(97, 48, 90),
(97, 74, 71),
(97, 31, 15),
(97, 41, 53),
(97, 77, 40),
(97, 45, 90),
(97, 65, 83),
(97, 100, 60),
(97, 87, 24),
(97, 90, 54),
(97, 34, 84),
(97, 88, 88),
(97, 6, 70),
(97, 80, 54),
(97, 72, 24),
(97, 17, 12),
(97, 47, 47),
(97, 60, 40),
(97, 6, 67),
(97, 30, 16),
(97, 45, 81),
(97, 39, 78),
(97, 16, 29),
(97, 26, 91),
(97, 9, 2),
(97, 17, 87),
(97, 18, 88),
(97, 35, 85),
(97, 87, 97),
(97, 45, 10),
(97, 41, 67),
(97, 74, 38),
(97, 11, 77),
(97, 38, 63),
(97, 100, 92),
(97, 73, 85),
(97, 86, 16),
(97, 91, 50),
(97, 41, 79),
(97, 92, 82),
(97, 86, 18),
(97, 53, 37),
(97, 61, 81),
(97, 72, 68),
(97, 45, 79),
(97, 96, 34),
(97, 19, 94),
(97, 15, 48),
(97, 46, 76),
(97, 26, 51),
(97, 50, 67),
(97, 54, 84),
(97, 58, 90),
(97, 67, 80),
(97, 91, 69),
(97, 89, 69),
(97, 25, 85),
(97, 66, 69),
(97, 91, 16),
(97, 59, 69),
(97, 95, 27),
(97, 66, 65),
(97, 39, 4),
(98, 79, 91),
(98, 52, 31),
(98, 92, 42),
(98, 21, 47),
(98, 19, 9),
(98, 9, 3),
(98, 90, 66),
(98, 100, 14),
(98, 30, 30),
(98, 77, 82),
(98, 4, 59),
(98, 41, 5),
(98, 30, 72),
(98, 47, 65),
(98, 50, 55),
(98, 36, 28),
(98, 99, 76),
(98, 10, 95),
(98, 22, 42),
(98, 85, 15),
(98, 30, 25),
(98, 46, 69),
(98, 59, 91),
(98, 71, 86),
(98, 15, 48),
(98, 22, 22),
(98, 14, 9),
(98, 10, 18),
(98, 83, 46),
(98, 84, 95),
(98, 12, 35),
(98, 42, 78),
(98, 51, 24),
(98, 37, 9),
(99, 39, 69),
(99, 80, 82),
(99, 86, 88),
(99, 47, 29),
(99, 44, 15),
(99, 57, 67),
(99, 56, 44),
(99, 92, 1),
(99, 83, 37),
(99, 98, 58),
(99, 2, 55),
(99, 13, 84),
(99, 37, 57),
(99, 48, 93),
(99, 21, 96),
(99, 75, 9),
(99, 98, 6),
(99, 100, 66),
(99, 60, 64),
(99, 10, 64),
(99, 87, 59),
(99, 29, 46),
(99, 72, 30),
(99, 24, 37),
(99, 6, 90),
(99, 100, 47),
(99, 49, 58),
(99, 66, 83),
(99, 22, 13),
(99, 11, 39),
(99, 59, 65),
(99, 66, 66),
(99, 64, 29),
(99, 34, 7),
(99, 75, 38),
(99, 60, 89),
(99, 7, 42),
(99, 58, 53),
(99, 71, 61),
(99, 53, 21),
(99, 61, 13),
(99, 44, 55),
(99, 77, 39),
(99, 42, 53),
(99, 4, 29),
(99, 99, 17),
(99, 64, 99),
(99, 98, 52),
(99, 42, 53),
(99, 17, 91),
(99, 61, 68),
(99, 44, 42),
(99, 29, 45),
(99, 51, 84),
(99, 64, 28),
(99, 34, 79),
(99, 12, 69),
(99, 42, 8),
(99, 69, 90),
(99, 25, 98),
(99, 19, 81),
(99, 14, 80),
(99, 19, 9),
(99, 11, 39),
(99, 27, 91),
(99, 71, 84),
(99, 60, 12),
(99, 15, 22),
(99, 32, 71),
(99, 39, 80),
(99, 39, 32),
(99, 57, 66),
(99, 21, 14),
(99, 89, 84),
(99, 89, 13),
(99, 35, 50),
(99, 100, 100),
(99, 81, 26),
(99, 53, 52),
(99, 44, 99),
(99, 43, 75),
(99, 70, 40),
(99, 23, 38),
(99, 62, 64),
(99, 96, 81),
(99, 39, 67),
(99, 1, 48),
(99, 48, 69),
(100, 38, 78),
(100, 41, 7),
(100, 78, 13),
(100, 7, 60),
(100, 41, 2),
(100, 56, 76),
(100, 37, 4),
(100, 28, 11),
(100, 90, 79),
(100, 91, 7),
(100, 38, 15),
(100, 91, 75),
(100, 19, 94),
(100, 25, 55),
(100, 10, 25),
(100, 10, 4),
(100, 45, 98),
(100, 56, 62),
(100, 48, 26),
(100, 82, 27),
(100, 87, 13),
(100, 56, 63),
(100, 23, 59),
(100, 98, 58),
(100, 14, 14),
(100, 87, 30),
(100, 39, 11),
(100, 76, 14),
(100, 90, 25),
(100, 18, 42),
(100, 76, 3),
(100, 89, 24),
(100, 95, 94),
(100, 14, 47),
(100, 57, 27),
(100, 96, 33),
(100, 14, 14),
(100, 29, 90),
(100, 58, 15),
(100, 58, 70),
(100, 76, 92),
(100, 81, 7),
(100, 35, 63),
(100, 1, 81),
(100, 22, 85),
(100, 92, 78),
(100, 51, 39),
(100, 48, 78),
(100, 59, 73),
(100, 7, 5),
(100, 6, 24),
(100, 41, 78),
(100, 48, 16),
(100, 22, 60),
(100, 79, 78),
(100, 72, 35),
(100, 23, 81),
(100, 73, 58),
(100, 54, 3),
(100, 57, 38),
(100, 34, 99),
(100, 15, 57),
(100, 87, 78),
(100, 30, 4),
(100, 25, 35),
(100, 70, 34),
(100, 21, 6),
(100, 70, 62),
(100, 39, 23),
(100, 64, 62),
(100, 53, 35),
(100, 23, 77),
(100, 18, 18),
(100, 69, 54),
(100, 92, 76),
(100, 89, 27),
(100, 62, 50),
(100, 34, 96),
(100, 100, 79),
(100, 65, 79),
(100, 93, 12),
(100, 11, 16),
(100, 68, 36),
(100, 91, 25),
(100, 78, 100),
(100, 82, 40),
(100, 11, 82),
(100, 24, 56),
(100, 2, 26),
(100, 78, 56),
(100, 46, 1),
(100, 1, 86),
(100, 58, 18)
